#usda 1.0
(
    customLayerData = {
        dictionary SimReady_Metadata = {
            string asset_name = "canned_beverage"
            string asset_type = "prop"
            string source_file = "docs/arm_decision_proof_v1/assets/adp009a_840313_canned_beverage_control.step"
            string usd_date_generated = "2026-08-04"
        }
        string "blueprint:claim_ceiling" = "development_only"
        string "blueprint:physics_values_authority" = "frozen_authoring_priors_not_measurements"
        string "blueprint:visual_geometry_source" = "text_to_cad_step_derived_mesh"
        bool "blueprint:world_placement_separate" = 1
    }
    defaultPrim = "canned_beverage"
    metersPerUnit = 1
    upAxis = "Z"
)

def Xform "canned_beverage" (
    prepend apiSchemas = ["PhysicsRigidBodyAPI", "PhysicsMassAPI"]
    customData = {
        dictionary blueprint = {
            string source_component_digest = "sha256:f96681e8d23499926b7417196415840a69f5bfd22425eedd61e0b2dbac475e38"
            string source_instance_id = "160"
            string source_scene_id = "840313"
        }
    }
    kind = "component"
)
{
    point3f physics:centerOfMass = (0, 0, 0.084713995)
    float3 physics:diagonalInertia = (0.00093502534, 0.00093502534, 0.00017162155)
    float physics:mass = 0.355
    quatf physics:principalAxes = (1, 0, 0, 0)
    bool physics:rigidBodyEnabled = 1

    def Scope "visuals"
    {
        def Mesh "body" (
            prepend apiSchemas = ["MaterialBindingAPI"]
        )
        {
            uniform bool doubleSided = 0
            float3[] extent = [(-0.031094726, -0.031094726, 0), (0.031094726, 0.031094726, 0.16942799)]
            int[] faceVertexCounts = [3, 3, 3, 3, 3, 3, 3, 3, 3, 3, 3, 3, 3, 3, 3, 3, 3, 3, 3, 3, 3, 3, 3, 3, 3, 3, 3, 3, 3, 3, 3, 3, 3, 3, 3, 3, 3, 3, 3, 3, 3, 3, 3, 3, 3, 3, 3, 3, 3, 3, 3, 3, 3, 3, 3, 3, 3, 3, 3, 3, 3, 3, 3, 3, 3, 3, 3, 3, 3, 3, 3, 3, 3, 3, 3, 3, 3, 3, 3, 3, 3, 3, 3, 3, 3, 3, 3, 3, 3, 3, 3, 3, 3, 3, 3, 3, 3, 3, 3, 3, 3, 3, 3, 3, 3, 3, 3, 3, 3, 3, 3, 3, 3, 3, 3, 3, 3, 3, 3, 3, 3, 3, 3, 3, 3, 3, 3, 3, 3, 3, 3, 3, 3, 3, 3, 3, 3, 3, 3, 3, 3, 3, 3, 3, 3, 3, 3, 3, 3, 3, 3, 3, 3, 3, 3, 3, 3, 3, 3, 3, 3, 3, 3, 3, 3, 3, 3, 3, 3, 3, 3, 3, 3, 3, 3, 3, 3, 3, 3, 3, 3, 3, 3, 3, 3, 3, 3, 3, 3, 3, 3, 3, 3, 3, 3, 3, 3, 3, 3, 3, 3, 3, 3, 3, 3, 3, 3, 3, 3, 3, 3, 3, 3, 3, 3, 3, 3, 3, 3, 3, 3, 3, 3, 3, 3, 3, 3, 3, 3, 3, 3, 3, 3, 3, 3, 3, 3, 3, 3, 3, 3, 3, 3, 3, 3, 3, 3, 3, 3, 3, 3, 3, 3, 3, 3, 3, 3, 3, 3, 3, 3, 3, 3, 3, 3, 3, 3, 3, 3, 3, 3, 3, 3, 3, 3, 3, 3, 3, 3, 3, 3, 3, 3, 3, 3, 3, 3, 3, 3, 3, 3, 3, 3, 3, 3, 3, 3, 3, 3, 3, 3, 3, 3, 3, 3, 3, 3, 3, 3, 3, 3, 3, 3, 3, 3, 3, 3, 3, 3, 3, 3, 3, 3, 3, 3, 3, 3, 3, 3, 3, 3, 3, 3, 3, 3, 3, 3, 3, 3, 3, 3, 3, 3, 3, 3, 3, 3, 3, 3, 3, 3, 3, 3, 3, 3, 3, 3, 3, 3, 3, 3, 3, 3, 3, 3, 3, 3, 3, 3, 3, 3, 3, 3, 3, 3, 3, 3, 3, 3, 3, 3, 3, 3, 3, 3, 3, 3, 3, 3, 3, 3, 3, 3, 3, 3, 3, 3, 3, 3, 3, 3, 3, 3, 3, 3, 3, 3, 3, 3, 3, 3, 3, 3, 3, 3, 3, 3, 3, 3, 3, 3, 3, 3, 3, 3, 3, 3, 3, 3, 3, 3, 3, 3, 3, 3, 3, 3, 3, 3, 3, 3, 3, 3, 3, 3, 3, 3, 3, 3, 3, 3, 3, 3, 3, 3, 3, 3, 3, 3, 3, 3, 3, 3, 3, 3, 3, 3, 3, 3, 3, 3, 3, 3, 3, 3, 3, 3, 3, 3, 3, 3, 3, 3, 3, 3, 3, 3, 3, 3, 3, 3, 3, 3, 3, 3, 3, 3, 3, 3, 3, 3, 3, 3, 3, 3, 3, 3, 3, 3, 3, 3, 3, 3, 3, 3, 3, 3, 3, 3, 3, 3, 3, 3, 3, 3, 3, 3, 3, 3, 3, 3, 3, 3, 3, 3, 3, 3, 3, 3, 3, 3, 3, 3, 3, 3, 3, 3, 3, 3, 3, 3, 3, 3, 3, 3, 3, 3, 3, 3, 3, 3, 3, 3, 3, 3, 3, 3, 3, 3, 3, 3, 3, 3, 3, 3, 3, 3, 3, 3, 3, 3, 3, 3, 3, 3, 3, 3, 3, 3, 3, 3, 3, 3, 3, 3, 3, 3, 3, 3, 3, 3, 3, 3, 3, 3, 3, 3, 3, 3, 3, 3, 3, 3, 3, 3, 3, 3, 3, 3, 3, 3, 3, 3, 3, 3, 3, 3, 3, 3, 3, 3, 3, 3, 3, 3, 3, 3, 3, 3, 3, 3, 3, 3, 3, 3, 3, 3, 3, 3, 3, 3, 3, 3, 3, 3, 3, 3, 3, 3, 3, 3, 3, 3, 3, 3, 3, 3, 3, 3, 3, 3, 3, 3, 3, 3, 3, 3, 3, 3, 3, 3, 3, 3, 3, 3, 3, 3, 3, 3, 3, 3, 3, 3, 3, 3, 3, 3, 3, 3, 3, 3, 3, 3, 3, 3, 3, 3, 3, 3, 3, 3, 3, 3, 3, 3, 3, 3, 3, 3, 3, 3, 3, 3, 3, 3, 3, 3, 3, 3, 3, 3, 3, 3, 3, 3, 3, 3, 3, 3, 3, 3, 3, 3, 3, 3, 3, 3, 3, 3, 3, 3, 3, 3, 3, 3, 3, 3, 3, 3, 3, 3, 3, 3, 3, 3, 3, 3, 3, 3, 3, 3, 3, 3, 3, 3, 3, 3, 3, 3, 3, 3, 3, 3, 3, 3, 3, 3, 3, 3, 3, 3, 3, 3, 3, 3, 3, 3, 3, 3, 3, 3, 3, 3, 3, 3, 3, 3, 3, 3, 3, 3, 3, 3, 3, 3, 3, 3, 3, 3, 3, 3, 3, 3, 3, 3, 3, 3, 3, 3, 3, 3, 3, 3, 3, 3, 3, 3, 3, 3, 3, 3, 3, 3, 3, 3, 3, 3, 3, 3, 3, 3, 3, 3, 3, 3, 3, 3, 3, 3, 3, 3, 3, 3, 3, 3, 3, 3, 3, 3, 3, 3, 3, 3, 3, 3, 3, 3, 3, 3, 3, 3, 3, 3, 3, 3, 3, 3, 3, 3, 3, 3, 3, 3, 3, 3, 3, 3, 3, 3, 3, 3, 3, 3, 3, 3, 3, 3, 3, 3, 3, 3, 3, 3, 3, 3, 3, 3, 3, 3, 3, 3, 3, 3, 3, 3, 3, 3, 3, 3, 3, 3, 3, 3, 3, 3, 3, 3, 3, 3, 3, 3, 3, 3, 3, 3, 3, 3, 3, 3, 3, 3, 3, 3, 3, 3, 3, 3, 3, 3, 3, 3, 3, 3, 3, 3, 3, 3, 3, 3, 3, 3, 3, 3, 3, 3, 3, 3, 3, 3, 3, 3, 3, 3, 3, 3, 3, 3, 3, 3, 3, 3, 3, 3, 3, 3, 3, 3, 3, 3, 3, 3, 3, 3, 3]
            int[] faceVertexIndices = [0, 1, 2, 0, 2, 3, 4, 0, 3, 4, 3, 5, 4, 5, 6, 7, 4, 6, 8, 7, 6, 8, 6, 9, 8, 9, 10, 11, 8, 10, 11, 10, 12, 13, 11, 12, 14, 13, 12, 14, 12, 15, 16, 14, 15, 16, 15, 17, 18, 16, 17, 18, 17, 19, 18, 19, 20, 21, 18, 20, 21, 20, 22, 23, 21, 22, 24, 23, 22, 24, 22, 25, 24, 25, 26, 27, 24, 26, 28, 27, 26, 28, 26, 29, 28, 29, 30, 31, 28, 30, 32, 30, 33, 32, 33, 34, 32, 31, 30, 35, 32, 34, 36, 34, 37, 36, 37, 38, 36, 35, 34, 39, 36, 38, 40, 38, 41, 40, 39, 38, 42, 41, 43, 42, 40, 41, 44, 43, 45, 44, 42, 43, 46, 45, 47, 46, 44, 45, 48, 47, 49, 48, 46, 47, 50, 48, 49, 50, 49, 51, 52, 50, 51, 52, 51, 53, 54, 52, 53, 54, 53, 55, 54, 55, 56, 57, 54, 56, 57, 56, 58, 59, 57, 58, 59, 58, 60, 61, 59, 60, 62, 61, 60, 62, 60, 63, 64, 62, 63, 64, 63, 65, 66, 64, 65, 66, 65, 67, 68, 66, 67, 68, 67, 69, 70, 68, 69, 70, 69, 71, 70, 71, 72, 73, 70, 72, 74, 73, 72, 74, 72, 75, 74, 75, 76, 77, 74, 76, 77, 76, 78, 79, 77, 78, 80, 79, 78, 80, 78, 81, 82, 80, 81, 82, 81, 83, 84, 82, 83, 84, 83, 85, 86, 84, 85, 86, 85, 87, 88, 86, 87, 88, 87, 89, 90, 88, 89, 90, 89, 91, 90, 91, 92, 93, 90, 92, 94, 93, 92, 94, 92, 95, 96, 95, 97, 96, 94, 95, 96, 97, 98, 99, 96, 98, 100, 98, 101, 100, 101, 102, 100, 99, 98, 103, 102, 104, 103, 100, 102, 105, 103, 104, 106, 104, 107, 106, 107, 108, 106, 105, 104, 109, 108, 110, 109, 106, 108, 111, 109, 110, 112, 110, 113, 112, 111, 110, 114, 113, 115, 114, 112, 113, 116, 115, 117, 116, 114, 115, 118, 117, 119, 118, 116, 117, 120, 119, 121, 120, 118, 119, 122, 121, 123, 122, 120, 121, 124, 123, 125, 124, 122, 123, 126, 125, 127, 126, 124, 125, 128, 127, 129, 128, 126, 127, 130, 129, 131, 130, 128, 129, 132, 131, 133, 132, 130, 131, 134, 133, 135, 134, 132, 133, 136, 135, 137, 136, 134, 135, 138, 137, 139, 138, 136, 137, 140, 139, 141, 140, 138, 139, 142, 141, 143, 142, 140, 141, 144, 143, 145, 144, 142, 143, 146, 145, 147, 146, 144, 145, 148, 147, 149, 148, 149, 150, 148, 146, 147, 151, 148, 150, 152, 151, 150, 152, 150, 153, 152, 153, 154, 155, 152, 154, 156, 155, 154, 156, 154, 157, 156, 157, 158, 159, 156, 158, 160, 159, 158, 160, 158, 161, 162, 160, 161, 162, 161, 163, 164, 162, 163, 164, 163, 165, 164, 165, 166, 167, 164, 166, 168, 166, 169, 168, 167, 166, 170, 169, 171, 170, 171, 172, 170, 168, 169, 173, 170, 172, 174, 172, 175, 174, 173, 172, 176, 175, 177, 176, 174, 175, 178, 177, 179, 178, 176, 177, 180, 179, 181, 180, 178, 179, 182, 181, 183, 182, 183, 184, 182, 180, 181, 185, 182, 184, 186, 184, 187, 186, 185, 184, 188, 187, 189, 188, 186, 187, 190, 189, 191, 190, 191, 192, 190, 188, 189, 193, 190, 192, 194, 192, 195, 194, 193, 192, 196, 195, 197, 196, 194, 195, 198, 197, 199, 198, 199, 200, 198, 196, 197, 201, 198, 200, 202, 201, 200, 202, 200, 203, 204, 202, 203, 204, 203, 205, 206, 204, 205, 206, 205, 207, 208, 206, 207, 208, 207, 209, 210, 208, 209, 210, 209, 211, 212, 210, 211, 212, 211, 213, 214, 212, 213, 214, 213, 215, 216, 214, 215, 216, 215, 217, 218, 216, 217, 218, 217, 219, 218, 219, 220, 221, 218, 220, 222, 221, 220, 222, 220, 223, 222, 223, 224, 225, 222, 224, 226, 225, 224, 226, 224, 227, 228, 226, 227, 228, 227, 229, 228, 229, 230, 231, 228, 230, 232, 231, 230, 232, 230, 233, 234, 233, 235, 234, 232, 233, 236, 235, 237, 236, 237, 238, 236, 234, 235, 239, 236, 238, 240, 238, 241, 240, 239, 238, 242, 241, 243, 242, 243, 244, 242, 240, 241, 245, 244, 246, 245, 242, 244, 247, 245, 246, 248, 246, 249, 248, 249, 250, 248, 247, 246, 251, 248, 250, 252, 251, 250, 252, 250, 253, 254, 252, 253, 254, 253, 255, 254, 255, 256, 257, 254, 256, 258, 257, 256, 258, 256, 259, 260, 258, 259, 260, 259, 261, 262, 260, 261, 262, 261, 263, 262, 263, 264, 265, 262, 264, 265, 264, 266, 267, 265, 266, 267, 266, 268, 269, 267, 268, 269, 268, 270, 271, 269, 270, 271, 270, 272, 273, 271, 272, 274, 273, 272, 274, 272, 275, 274, 275, 276, 277, 274, 276, 278, 277, 276, 278, 276, 279, 280, 278, 279, 280, 279, 281, 282, 280, 281, 282, 281, 283, 282, 283, 284, 285, 282, 284, 285, 284, 286, 287, 285, 286, 288, 287, 286, 288, 286, 289, 288, 289, 290, 291, 288, 290, 292, 291, 290, 292, 290, 293, 294, 292, 293, 294, 293, 295, 294, 295, 296, 297, 294, 296, 297, 296, 298, 299, 297, 298, 300, 301, 302, 300, 299, 298, 300, 298, 301, 303, 300, 302, 304, 303, 302, 304, 302, 305, 306, 305, 307, 306, 304, 305, 308, 307, 309, 308, 306, 307, 310, 309, 311, 310, 308, 309, 312, 311, 313, 312, 310, 311, 314, 313, 315, 314, 315, 316, 314, 312, 313, 317, 314, 316, 318, 316, 319, 318, 319, 320, 318, 317, 316, 321, 318, 320, 322, 320, 323, 322, 321, 320, 324, 323, 325, 324, 325, 326, 324, 322, 323, 327, 324, 326, 328, 326, 329, 328, 327, 326, 330, 329, 331, 330, 331, 332, 330, 328, 329, 333, 330, 332, 334, 332, 335, 334, 333, 332, 336, 335, 337, 336, 334, 335, 338, 337, 339, 338, 336, 337, 340, 339, 341, 340, 338, 339, 342, 341, 343, 342, 340, 341, 344, 343, 345, 344, 342, 343, 346, 345, 347, 346, 344, 345, 348, 347, 349, 348, 346, 347, 350, 349, 351, 350, 348, 349, 352, 350, 351, 352, 351, 353, 352, 353, 354, 355, 352, 354, 356, 355, 354, 356, 354, 357, 358, 356, 357, 358, 357, 359, 360, 358, 359, 360, 359, 361, 362, 360, 361, 362, 361, 363, 364, 362, 363, 364, 363, 365, 366, 365, 367, 366, 364, 365, 366, 367, 368, 369, 366, 368, 370, 368, 371, 370, 369, 368, 372, 371, 373, 372, 370, 371, 374, 373, 375, 374, 375, 376, 374, 372, 373, 377, 376, 378, 377, 374, 376, 379, 377, 378, 380, 378, 381, 380, 379, 378, 382, 381, 383, 382, 380, 381, 384, 383, 385, 384, 382, 383, 386, 385, 387, 386, 387, 388, 386, 384, 385, 389, 386, 388, 390, 388, 391, 390, 391, 392, 390, 389, 388, 393, 392, 394, 393, 390, 392, 395, 393, 394, 396, 394, 397, 396, 395, 394, 398, 397, 399, 398, 396, 397, 400, 399, 401, 400, 398, 399, 402, 400, 401, 402, 401, 403, 402, 403, 404, 405, 402, 404, 405, 404, 406, 407, 405, 406, 408, 407, 406, 408, 406, 409, 410, 408, 409, 410, 409, 411, 412, 410, 411, 412, 411, 413, 414, 412, 413, 414, 413, 415, 416, 414, 415, 416, 415, 417, 418, 416, 417, 418, 417, 419, 420, 418, 419, 420, 419, 421, 422, 420, 421, 422, 421, 423, 424, 422, 423, 424, 423, 425, 426, 424, 425, 426, 425, 427, 426, 427, 428, 429, 426, 428, 430, 429, 428, 430, 428, 431, 432, 430, 431, 432, 431, 433, 432, 433, 434, 435, 432, 434, 436, 435, 434, 436, 434, 437, 438, 437, 439, 438, 436, 437, 440, 439, 441, 440, 438, 439, 442, 441, 443, 442, 440, 441, 444, 443, 445, 444, 445, 446, 444, 442, 443, 447, 444, 446, 448, 446, 449, 448, 447, 446, 450, 449, 451, 450, 451, 452, 450, 448, 449, 453, 450, 452, 454, 453, 452, 454, 452, 455, 454, 455, 456, 457, 454, 456, 458, 457, 456, 458, 456, 459, 460, 458, 459, 460, 459, 461, 462, 460, 461, 462, 461, 463, 464, 462, 463, 464, 463, 465, 466, 464, 465, 466, 465, 467, 466, 467, 468, 469, 466, 468, 470, 469, 468, 470, 468, 471, 470, 471, 472, 473, 470, 472, 474, 473, 472, 474, 472, 475, 476, 474, 475, 476, 475, 477, 478, 476, 477, 478, 477, 479, 480, 478, 479, 480, 479, 481, 482, 480, 481, 482, 481, 483, 484, 482, 483, 484, 483, 485, 486, 484, 485, 486, 485, 487, 488, 486, 487, 488, 487, 489, 490, 488, 489, 490, 489, 491, 492, 490, 491, 492, 491, 493, 492, 493, 494, 495, 492, 494, 496, 495, 494, 496, 494, 497, 498, 496, 497, 498, 497, 499, 500, 499, 501, 500, 498, 499, 500, 501, 502, 503, 502, 2, 503, 500, 502, 1, 503, 2, 318, 314, 317, 321, 312, 314, 321, 314, 318, 306, 308, 310, 324, 321, 322, 324, 312, 321, 328, 304, 306, 328, 310, 312, 328, 324, 327, 328, 312, 324, 328, 306, 310, 299, 300, 303, 297, 303, 304, 297, 299, 303, 334, 328, 330, 334, 330, 333, 334, 304, 328, 338, 334, 336, 291, 292, 294, 288, 291, 294, 288, 294, 297, 285, 288, 297, 285, 287, 288, 285, 297, 304, 285, 304, 334, 348, 334, 338, 348, 338, 340, 348, 340, 342, 348, 342, 344, 348, 344, 346, 278, 280, 282, 352, 348, 350, 277, 278, 282, 277, 282, 285, 356, 352, 355, 273, 285, 334, 273, 277, 285, 273, 274, 277, 358, 348, 352, 358, 352, 356, 271, 334, 348, 271, 273, 334, 364, 348, 358, 364, 358, 360, 364, 360, 362, 265, 267, 269, 265, 269, 271, 366, 348, 364, 372, 366, 369, 372, 369, 370, 257, 258, 260, 257, 260, 262, 257, 262, 265, 257, 265, 271, 374, 366, 372, 377, 271, 348, 377, 348, 366, 377, 366, 374, 252, 254, 257, 251, 252, 257, 251, 257, 271, 380, 377, 379, 382, 271, 377, 382, 377, 380, 247, 248, 251, 245, 247, 251, 242, 245, 251, 390, 384, 386, 390, 386, 389, 393, 384, 390, 393, 382, 384, 234, 236, 239, 234, 239, 240, 234, 240, 242, 396, 393, 395, 232, 234, 242, 400, 393, 396, 400, 396, 398, 228, 382, 393, 228, 232, 242, 228, 231, 232, 228, 251, 271, 228, 271, 382, 228, 242, 251, 402, 393, 400, 407, 402, 405, 407, 393, 402, 222, 225, 226, 221, 222, 226, 221, 226, 228, 410, 407, 408, 410, 228, 393, 410, 393, 407, 410, 221, 228, 214, 216, 218, 214, 218, 221, 422, 412, 414, 422, 414, 416, 422, 416, 418, 422, 418, 420, 204, 206, 208, 204, 410, 412, 204, 208, 210, 204, 210, 212, 204, 212, 214, 204, 221, 410, 204, 214, 221, 429, 422, 424, 429, 424, 426, 429, 412, 422, 198, 201, 202, 432, 429, 430, 435, 429, 432, 194, 196, 198, 193, 194, 198, 440, 202, 204, 440, 435, 436, 440, 436, 438, 440, 204, 412, 440, 412, 429, 440, 429, 435, 188, 190, 193, 186, 188, 193, 185, 186, 193, 182, 185, 193, 450, 440, 442, 450, 442, 444, 450, 444, 447, 450, 447, 448, 450, 202, 440, 178, 182, 193, 178, 202, 450, 178, 198, 202, 178, 180, 182, 178, 193, 198, 453, 178, 450, 176, 178, 453, 460, 453, 454, 460, 454, 457, 460, 457, 458, 464, 460, 462, 464, 453, 460, 164, 167, 168, 164, 168, 170, 164, 170, 173, 164, 173, 174, 466, 453, 464, 160, 164, 174, 160, 162, 164, 473, 469, 470, 474, 466, 469, 474, 453, 466, 474, 469, 473, 152, 155, 156, 152, 156, 159, 152, 159, 160, 478, 474, 476, 480, 453, 474, 480, 474, 478, 482, 453, 480, 144, 146, 148, 144, 148, 151, 144, 151, 152, 488, 482, 484, 488, 484, 486, 492, 176, 453, 492, 488, 490, 492, 160, 174, 492, 152, 160, 492, 453, 482, 492, 174, 176, 492, 482, 488, 136, 138, 140, 136, 140, 142, 136, 142, 144, 136, 144, 152, 134, 136, 152, 498, 495, 496, 130, 132, 134, 130, 134, 152, 500, 495, 498, 500, 492, 495, 126, 128, 130, 1, 492, 500, 1, 500, 503, 124, 126, 130, 0, 492, 1, 122, 124, 130, 120, 130, 152, 120, 122, 130, 114, 116, 118, 13, 8, 11, 111, 114, 118, 111, 112, 114, 16, 13, 14, 16, 8, 13, 21, 0, 4, 21, 4, 7, 21, 7, 8, 21, 16, 18, 21, 492, 0, 21, 8, 16, 105, 111, 118, 105, 106, 109, 105, 109, 111, 23, 492, 21, 103, 118, 120, 103, 105, 118, 28, 23, 24, 28, 24, 27, 31, 23, 28, 94, 96, 99, 94, 99, 100, 94, 100, 103, 93, 120, 152, 93, 103, 120, 93, 94, 103, 39, 31, 32, 39, 32, 35, 39, 35, 36, 39, 23, 31, 86, 88, 90, 86, 90, 93, 86, 93, 152, 84, 86, 152, 44, 40, 42, 46, 40, 44, 48, 40, 46, 48, 39, 40, 48, 23, 39, 79, 84, 152, 79, 80, 82, 79, 82, 84, 50, 23, 48, 77, 79, 152, 73, 74, 77, 70, 73, 77, 59, 54, 57, 68, 152, 492, 68, 77, 152, 68, 492, 23, 68, 70, 77, 61, 50, 52, 61, 52, 54, 61, 54, 59, 64, 68, 23, 64, 23, 50, 64, 66, 68, 62, 50, 61, 62, 64, 50, 319, 316, 315, 320, 315, 313, 320, 319, 315, 307, 311, 309, 325, 323, 320, 325, 320, 313, 329, 307, 305, 329, 313, 311, 329, 326, 325, 329, 325, 313, 329, 311, 307, 298, 302, 301, 296, 305, 302, 296, 302, 298, 335, 331, 329, 335, 332, 331, 335, 329, 305, 339, 337, 335, 290, 295, 293, 289, 295, 290, 289, 296, 295, 284, 296, 289, 284, 289, 286, 284, 305, 296, 284, 335, 305, 349, 339, 335, 349, 341, 339, 349, 343, 341, 349, 345, 343, 349, 347, 345, 279, 283, 281, 353, 351, 349, 276, 283, 279, 276, 284, 283, 357, 354, 353, 272, 335, 284, 272, 284, 276, 272, 276, 275, 359, 353, 349, 359, 357, 353, 270, 349, 335, 270, 335, 272, 365, 359, 349, 365, 361, 359, 365, 363, 361, 264, 268, 266, 264, 270, 268, 367, 365, 349, 373, 368, 367, 373, 371, 368, 256, 261, 259, 256, 263, 261, 256, 264, 263, 256, 270, 264, 375, 373, 367, 376, 349, 270, 376, 367, 349, 376, 375, 367, 253, 256, 255, 250, 256, 253, 250, 270, 256, 381, 378, 376, 383, 376, 270, 383, 381, 376, 246, 250, 249, 244, 250, 246, 243, 250, 244, 391, 387, 385, 391, 388, 387, 392, 391, 385, 392, 385, 383, 235, 238, 237, 235, 241, 238, 235, 243, 241, 397, 394, 392, 233, 243, 235, 401, 397, 392, 401, 399, 397, 229, 392, 383, 229, 243, 233, 229, 233, 230, 229, 270, 250, 229, 383, 270, 229, 250, 243, 403, 401, 392, 406, 404, 403, 406, 403, 392, 223, 227, 224, 220, 227, 223, 220, 229, 227, 411, 409, 406, 411, 392, 229, 411, 406, 392, 411, 229, 220, 215, 219, 217, 215, 220, 219, 423, 415, 413, 423, 417, 415, 423, 419, 417, 423, 421, 419, 205, 209, 207, 205, 413, 411, 205, 211, 209, 205, 213, 211, 205, 215, 213, 205, 411, 220, 205, 220, 215, 428, 425, 423, 428, 427, 425, 428, 423, 413, 199, 203, 200, 433, 431, 428, 434, 433, 428, 195, 199, 197, 192, 199, 195, 441, 205, 203, 441, 437, 434, 441, 439, 437, 441, 413, 205, 441, 428, 413, 441, 434, 428, 189, 192, 191, 187, 192, 189, 184, 192, 187, 183, 192, 184, 451, 443, 441, 451, 445, 443, 451, 446, 445, 451, 449, 446, 451, 441, 203, 179, 192, 183, 179, 451, 203, 179, 203, 199, 179, 183, 181, 179, 199, 192, 452, 451, 179, 177, 452, 179, 461, 455, 452, 461, 456, 455, 461, 459, 456, 465, 463, 461, 465, 461, 452, 165, 169, 166, 165, 171, 169, 165, 172, 171, 165, 175, 172, 467, 465, 452, 161, 175, 165, 161, 165, 163, 472, 471, 468, 475, 468, 467, 475, 467, 452, 475, 472, 468, 153, 157, 154, 153, 158, 157, 153, 161, 158, 479, 477, 475, 481, 475, 452, 481, 479, 475, 483, 481, 452, 145, 149, 147, 145, 150, 149, 145, 153, 150, 489, 485, 483, 489, 487, 485, 493, 452, 177, 493, 491, 489, 493, 175, 161, 493, 161, 153, 493, 483, 452, 493, 177, 175, 493, 489, 483, 137, 141, 139, 137, 143, 141, 137, 145, 143, 137, 153, 145, 135, 153, 137, 499, 497, 494, 131, 135, 133, 131, 153, 135, 501, 499, 494, 501, 494, 493, 127, 131, 129, 2, 501, 493, 2, 502, 501, 125, 131, 127, 3, 2, 493, 123, 131, 125, 121, 153, 131, 121, 131, 123, 115, 119, 117, 12, 10, 9, 110, 119, 115, 110, 115, 113, 17, 15, 12, 17, 12, 9, 20, 5, 3, 20, 6, 5, 20, 9, 6, 20, 19, 17, 20, 3, 493, 20, 17, 9, 104, 119, 110, 104, 108, 107, 104, 110, 108, 22, 20, 493, 102, 121, 119, 102, 119, 104, 29, 25, 22, 29, 26, 25, 30, 29, 22, 95, 98, 97, 95, 101, 98, 95, 102, 101, 92, 153, 121, 92, 121, 102, 92, 102, 95, 38, 33, 30, 38, 34, 33, 38, 37, 34, 38, 30, 22, 87, 91, 89, 87, 92, 91, 87, 153, 92, 85, 153, 87, 45, 43, 41, 47, 45, 41, 49, 47, 41, 49, 41, 38, 49, 38, 22, 78, 153, 85, 78, 83, 81, 78, 85, 83, 51, 49, 22, 76, 153, 78, 72, 76, 75, 71, 76, 72, 58, 56, 55, 69, 493, 153, 69, 153, 76, 69, 22, 493, 69, 76, 71, 60, 53, 51, 60, 55, 53, 60, 58, 55, 65, 22, 69, 65, 51, 22, 65, 69, 67, 63, 60, 51, 63, 51, 65]
            rel material:binding = </canned_beverage/materials/green_can>
            normal3f[] normals = [(0.9999223, 0.012465972, 0), (0.9999223, 0.012465972, 0), (0.9999223, 0.012465972, 0), (0.9999223, 0.012465972, 0), (0.9999223, 0.012465972, 0), (0.9999223, 0.012465972, 0), (0.99930066, 0.037392996, 0), (0.99930066, 0.037392996, 0), (0.99930066, 0.037392996, 0), (0.99930066, 0.037392996, 0), (0.99930066, 0.037392996, 0), (0.99930066, 0.037392996, 0), (0.9980579, 0.062292952, 0), (0.9980579, 0.062292952, 0), (0.9980579, 0.062292952, 0), (0.9980579, 0.062292952, 0), (0.9980579, 0.062292952, 0), (0.9980579, 0.062292952, 0), (0.9961949, 0.08715358, 0), (0.9961949, 0.08715358, 0), (0.9961949, 0.08715358, 0), (0.9961949, 0.08715358, 0), (0.9961949, 0.08715358, 0), (0.9961949, 0.08715358, 0), (0.9937121, 0.11196497, 0), (0.9937121, 0.11196497, 0), (0.9937121, 0.11196497, 0), (0.9937121, 0.11196497, 0), (0.9937121, 0.11196497, 0), (0.9937121, 0.11196497, 0), (0.9906118, 0.13670495, 0), (0.9906118, 0.13670495, 0), (0.9906118, 0.13670495, 0), (0.9906118, 0.13670495, 0), (0.9906118, 0.13670495, 0), (0.9906118, 0.13670495, 0), (0.98689616, 0.16135657, 0), (0.98689616, 0.16135657, 0), (0.98689616, 0.16135657, 0), (0.98689616, 0.16135657, 0), (0.98689616, 0.16135657, 0), (0.98689616, 0.16135657, 0), (0.9825664, 0.18591192, 0), (0.9825664, 0.18591192, 0), (0.9825664, 0.18591192, 0), (0.9825664, 0.18591192, 0), (0.9825664, 0.18591192, 0), (0.9825664, 0.18591192, 0), (0.97762626, 0.21034947, 0), (0.97762626, 0.21034947, 0), (0.97762626, 0.21034947, 0), (0.97762626, 0.21034947, 0), (0.97762626, 0.21034947, 0), (0.97762626, 0.21034947, 0), (0.9720778, 0.23465884, 0), (0.9720778, 0.23465884, 0), (0.9720778, 0.23465884, 0), (0.9720778, 0.23465884, 0), (0.9720778, 0.23465884, 0), (0.9720778, 0.23465884, 0), (0.96592593, 0.25881857, 0), (0.96592593, 0.25881857, 0), (0.96592593, 0.25881857, 0), (0.96592593, 0.25881857, 0), (0.96592593, 0.25881857, 0), (0.96592593, 0.25881857, 0), (0.95917296, 0.28282014, 0), (0.95917296, 0.28282014, 0), (0.95917296, 0.28282014, 0), (0.95917296, 0.28282014, 0), (0.95917296, 0.28282014, 0), (0.95917296, 0.28282014, 0), (0.9518246, 0.30664298, 0), (0.9518246, 0.30664298, 0), (0.9518246, 0.30664298, 0), (0.9518246, 0.30664298, 0), (0.9518246, 0.30664298, 0), (0.9518246, 0.30664298, 0), (0.9438829, 0.3302804, 0), (0.9438829, 0.3302804, 0), (0.9438829, 0.3302804, 0), (0.9438829, 0.3302804, 0), (0.9438829, 0.3302804, 0), (0.9438829, 0.3302804, 0), (0.93535614, 0.3537073, 0), (0.93535614, 0.3537073, 0), (0.93535614, 0.3537073, 0), (0.93535614, 0.3537073, 0), (0.93535614, 0.3537073, 0), (0.93535614, 0.3537073, 0), (0.9262472, 0.37691662, 0), (0.9262472, 0.37691662, 0), (0.9262472, 0.37691662, 0), (0.9165621, 0.39989248, 0), (0.9165621, 0.39989248, 0), (0.9165621, 0.39989248, 0), (0.9262472, 0.37691662, 0), (0.9262472, 0.37691662, 0), (0.9262472, 0.37691662, 0), (0.9165621, 0.39989248, 0), (0.9165621, 0.39989248, 0), (0.9165621, 0.39989248, 0), (0.9063078, 0.42261818, 0), (0.9063078, 0.42261818, 0), (0.9063078, 0.42261818, 0), (0.8954897, 0.44508225, 0), (0.8954897, 0.44508225, 0), (0.8954897, 0.44508225, 0), (0.9063078, 0.42261818, 0), (0.9063078, 0.42261818, 0), (0.9063078, 0.42261818, 0), (0.8954897, 0.44508225, 0), (0.8954897, 0.44508225, 0), (0.8954897, 0.44508225, 0), (0.8841156, 0.46726832, 0), (0.8841156, 0.46726832, 0), (0.8841156, 0.46726832, 0), (0.8841156, 0.46726832, 0), (0.8841156, 0.46726832, 0), (0.8841156, 0.46726832, 0), (0.8721914, 0.48916468, 0), (0.8721914, 0.48916468, 0), (0.8721914, 0.48916468, 0), (0.8721914, 0.48916468, 0), (0.8721914, 0.48916468, 0), (0.8721914, 0.48916468, 0), (0.8597244, 0.5107582, 0), (0.8597244, 0.5107582, 0), (0.8597244, 0.5107582, 0), (0.8597244, 0.5107582, 0), (0.8597244, 0.5107582, 0), (0.8597244, 0.5107582, 0), (0.84672445, 0.5320317, 0), (0.84672445, 0.5320317, 0), (0.84672445, 0.5320317, 0), (0.84672445, 0.5320317, 0), (0.84672445, 0.5320317, 0), (0.84672445, 0.5320317, 0), (0.83319646, 0.552977, 0), (0.83319646, 0.552977, 0), (0.83319646, 0.552977, 0), (0.83319646, 0.552977, 0), (0.83319646, 0.552977, 0), (0.83319646, 0.552977, 0), (0.81915283, 0.57357526, 0), (0.81915283, 0.57357526, 0), (0.81915283, 0.57357526, 0), (0.81915283, 0.57357526, 0), (0.81915283, 0.57357526, 0), (0.81915283, 0.57357526, 0), (0.80459774, 0.5938202, 0), (0.80459774, 0.5938202, 0), (0.80459774, 0.5938202, 0), (0.80459774, 0.5938202, 0), (0.80459774, 0.5938202, 0), (0.80459774, 0.5938202, 0), (0.78954387, 0.61369413, 0), (0.78954387, 0.61369413, 0), (0.78954387, 0.61369413, 0), (0.78954387, 0.61369413, 0), (0.78954387, 0.61369413, 0), (0.78954387, 0.61369413, 0), (0.7739974, 0.6331888, 0), (0.7739974, 0.6331888, 0), (0.7739974, 0.6331888, 0), (0.7739974, 0.6331888, 0), (0.7739974, 0.6331888, 0), (0.7739974, 0.6331888, 0), (0.7579716, 0.6522876, 0), (0.7579716, 0.6522876, 0), (0.7579716, 0.6522876, 0), (0.7579716, 0.6522876, 0), (0.7579716, 0.6522876, 0), (0.7579716, 0.6522876, 0), (0.74147415, 0.6709814, 0), (0.74147415, 0.6709814, 0), (0.74147415, 0.6709814, 0), (0.74147415, 0.6709814, 0), (0.74147415, 0.6709814, 0), (0.74147415, 0.6709814, 0), (0.7245158, 0.6892582, 0), (0.7245158, 0.6892582, 0), (0.7245158, 0.6892582, 0), (0.7245158, 0.6892582, 0), (0.7245158, 0.6892582, 0), (0.7245158, 0.6892582, 0), (0.70710677, 0.70710677, 0), (0.70710677, 0.70710677, 0), (0.70710677, 0.70710677, 0), (0.70710677, 0.70710677, 0), (0.70710677, 0.70710677, 0), (0.70710677, 0.70710677, 0), (0.6892582, 0.7245158, 0), (0.6892582, 0.7245158, 0), (0.6892582, 0.7245158, 0), (0.6892582, 0.7245158, 0), (0.6892582, 0.7245158, 0), (0.6892582, 0.7245158, 0), (0.6709814, 0.74147415, 0), (0.6709814, 0.74147415, 0), (0.6709814, 0.74147415, 0), (0.6709814, 0.74147415, 0), (0.6709814, 0.74147415, 0), (0.6709814, 0.74147415, 0), (0.6522876, 0.7579716, 0), (0.6522876, 0.7579716, 0), (0.6522876, 0.7579716, 0), (0.6522876, 0.7579716, 0), (0.6522876, 0.7579716, 0), (0.6522876, 0.7579716, 0), (0.6331888, 0.7739974, 0), (0.6331888, 0.7739974, 0), (0.6331888, 0.7739974, 0), (0.6331888, 0.7739974, 0), (0.6331888, 0.7739974, 0), (0.6331888, 0.7739974, 0), (0.61369413, 0.78954387, 0), (0.61369413, 0.78954387, 0), (0.61369413, 0.78954387, 0), (0.61369413, 0.78954387, 0), (0.61369413, 0.78954387, 0), (0.61369413, 0.78954387, 0), (0.5938202, 0.80459774, 0), (0.5938202, 0.80459774, 0), (0.5938202, 0.80459774, 0), (0.5938202, 0.80459774, 0), (0.5938202, 0.80459774, 0), (0.5938202, 0.80459774, 0), (0.57357526, 0.81915283, 0), (0.57357526, 0.81915283, 0), (0.57357526, 0.81915283, 0), (0.57357526, 0.81915283, 0), (0.57357526, 0.81915283, 0), (0.57357526, 0.81915283, 0), (0.552977, 0.83319646, 0), (0.552977, 0.83319646, 0), (0.552977, 0.83319646, 0), (0.552977, 0.83319646, 0), (0.552977, 0.83319646, 0), (0.552977, 0.83319646, 0), (0.5320317, 0.84672445, 0), (0.5320317, 0.84672445, 0), (0.5320317, 0.84672445, 0), (0.5320317, 0.84672445, 0), (0.5320317, 0.84672445, 0), (0.5320317, 0.84672445, 0), (0.5107582, 0.8597244, 0), (0.5107582, 0.8597244, 0), (0.5107582, 0.8597244, 0), (0.5107582, 0.8597244, 0), (0.5107582, 0.8597244, 0), (0.5107582, 0.8597244, 0), (0.48916468, 0.8721914, 0), (0.48916468, 0.8721914, 0), (0.48916468, 0.8721914, 0), (0.48916468, 0.8721914, 0), (0.48916468, 0.8721914, 0), (0.48916468, 0.8721914, 0), (0.46726832, 0.8841156, 0), (0.46726832, 0.8841156, 0), (0.46726832, 0.8841156, 0), (0.46726832, 0.8841156, 0), (0.46726832, 0.8841156, 0), (0.46726832, 0.8841156, 0), (0.44508225, 0.8954897, 0), (0.44508225, 0.8954897, 0), (0.44508225, 0.8954897, 0), (0.44508225, 0.8954897, 0), (0.44508225, 0.8954897, 0), (0.44508225, 0.8954897, 0), (0.42261818, 0.9063078, 0), (0.42261818, 0.9063078, 0), (0.42261818, 0.9063078, 0), (0.42261818, 0.9063078, 0), (0.42261818, 0.9063078, 0), (0.42261818, 0.9063078, 0), (0.39989248, 0.9165621, 0), (0.39989248, 0.9165621, 0), (0.39989248, 0.9165621, 0), (0.39989248, 0.9165621, 0), (0.39989248, 0.9165621, 0), (0.39989248, 0.9165621, 0), (0.37691662, 0.9262472, 0), (0.37691662, 0.9262472, 0), (0.37691662, 0.9262472, 0), (0.37691662, 0.9262472, 0), (0.37691662, 0.9262472, 0), (0.37691662, 0.9262472, 0), (0.3537073, 0.93535614, 0), (0.3537073, 0.93535614, 0), (0.3537073, 0.93535614, 0), (0.3537073, 0.93535614, 0), (0.3537073, 0.93535614, 0), (0.3537073, 0.93535614, 0), (0.3302804, 0.9438829, 0), (0.3302804, 0.9438829, 0), (0.3302804, 0.9438829, 0), (0.30664298, 0.9518246, 0), (0.30664298, 0.9518246, 0), (0.30664298, 0.9518246, 0), (0.3302804, 0.9438829, 0), (0.3302804, 0.9438829, 0), (0.3302804, 0.9438829, 0), (0.28282014, 0.95917296, 0), (0.28282014, 0.95917296, 0), (0.28282014, 0.95917296, 0), (0.30664298, 0.9518246, 0), (0.30664298, 0.9518246, 0), (0.30664298, 0.9518246, 0), (0.28282014, 0.95917296, 0), (0.28282014, 0.95917296, 0), (0.28282014, 0.95917296, 0), (0.25881857, 0.96592593, 0), (0.25881857, 0.96592593, 0), (0.25881857, 0.96592593, 0), (0.23465884, 0.9720778, 0), (0.23465884, 0.9720778, 0), (0.23465884, 0.9720778, 0), (0.25881857, 0.96592593, 0), (0.25881857, 0.96592593, 0), (0.25881857, 0.96592593, 0), (0.21034947, 0.97762626, 0), (0.21034947, 0.97762626, 0), (0.21034947, 0.97762626, 0), (0.23465884, 0.9720778, 0), (0.23465884, 0.9720778, 0), (0.23465884, 0.9720778, 0), (0.21034947, 0.97762626, 0), (0.21034947, 0.97762626, 0), (0.21034947, 0.97762626, 0), (0.18591192, 0.9825664, 0), (0.18591192, 0.9825664, 0), (0.18591192, 0.9825664, 0), (0.18591192, 0.9825664, 0), (0.18591192, 0.9825664, 0), (0.18591192, 0.9825664, 0), (0.16135657, 0.98689616, 0), (0.16135657, 0.98689616, 0), (0.16135657, 0.98689616, 0), (0.16135657, 0.98689616, 0), (0.16135657, 0.98689616, 0), (0.16135657, 0.98689616, 0), (0.13670495, 0.9906118, 0), (0.13670495, 0.9906118, 0), (0.13670495, 0.9906118, 0), (0.13670495, 0.9906118, 0), (0.13670495, 0.9906118, 0), (0.13670495, 0.9906118, 0), (0.11196497, 0.9937121, 0), (0.11196497, 0.9937121, 0), (0.11196497, 0.9937121, 0), (0.11196497, 0.9937121, 0), (0.11196497, 0.9937121, 0), (0.11196497, 0.9937121, 0), (0.08715358, 0.9961949, 0), (0.08715358, 0.9961949, 0), (0.08715358, 0.9961949, 0), (0.08715358, 0.9961949, 0), (0.08715358, 0.9961949, 0), (0.08715358, 0.9961949, 0), (0.062292952, 0.9980579, 0), (0.062292952, 0.9980579, 0), (0.062292952, 0.9980579, 0), (0.062292952, 0.9980579, 0), (0.062292952, 0.9980579, 0), (0.062292952, 0.9980579, 0), (0.037392996, 0.99930066, 0), (0.037392996, 0.99930066, 0), (0.037392996, 0.99930066, 0), (0.037392996, 0.99930066, 0), (0.037392996, 0.99930066, 0), (0.037392996, 0.99930066, 0), (0.012465972, 0.9999223, 0), (0.012465972, 0.9999223, 0), (0.012465972, 0.9999223, 0), (0.012465972, 0.9999223, 0), (0.012465972, 0.9999223, 0), (0.012465972, 0.9999223, 0), (-0.012465972, 0.9999223, 0), (-0.012465972, 0.9999223, 0), (-0.012465972, 0.9999223, 0), (-0.012465972, 0.9999223, 0), (-0.012465972, 0.9999223, 0), (-0.012465972, 0.9999223, 0), (-0.037392996, 0.99930066, 0), (-0.037392996, 0.99930066, 0), (-0.037392996, 0.99930066, 0), (-0.037392996, 0.99930066, 0), (-0.037392996, 0.99930066, 0), (-0.037392996, 0.99930066, 0), (-0.062292952, 0.9980579, 0), (-0.062292952, 0.9980579, 0), (-0.062292952, 0.9980579, 0), (-0.062292952, 0.9980579, 0), (-0.062292952, 0.9980579, 0), (-0.062292952, 0.9980579, 0), (-0.08715358, 0.9961949, 0), (-0.08715358, 0.9961949, 0), (-0.08715358, 0.9961949, 0), (-0.08715358, 0.9961949, 0), (-0.08715358, 0.9961949, 0), (-0.08715358, 0.9961949, 0), (-0.11196497, 0.9937121, 0), (-0.11196497, 0.9937121, 0), (-0.11196497, 0.9937121, 0), (-0.11196497, 0.9937121, 0), (-0.11196497, 0.9937121, 0), (-0.11196497, 0.9937121, 0), (-0.13670495, 0.9906118, 0), (-0.13670495, 0.9906118, 0), (-0.13670495, 0.9906118, 0), (-0.13670495, 0.9906118, 0), (-0.13670495, 0.9906118, 0), (-0.13670495, 0.9906118, 0), (-0.16135657, 0.98689616, 0), (-0.16135657, 0.98689616, 0), (-0.16135657, 0.98689616, 0), (-0.16135657, 0.98689616, 0), (-0.16135657, 0.98689616, 0), (-0.16135657, 0.98689616, 0), (-0.18591192, 0.9825664, 0), (-0.18591192, 0.9825664, 0), (-0.18591192, 0.9825664, 0), (-0.18591192, 0.9825664, 0), (-0.18591192, 0.9825664, 0), (-0.18591192, 0.9825664, 0), (-0.21034947, 0.97762626, 0), (-0.21034947, 0.97762626, 0), (-0.21034947, 0.97762626, 0), (-0.21034947, 0.97762626, 0), (-0.21034947, 0.97762626, 0), (-0.21034947, 0.97762626, 0), (-0.23465884, 0.9720778, 0), (-0.23465884, 0.9720778, 0), (-0.23465884, 0.9720778, 0), (-0.23465884, 0.9720778, 0), (-0.23465884, 0.9720778, 0), (-0.23465884, 0.9720778, 0), (-0.25881857, 0.96592593, 0), (-0.25881857, 0.96592593, 0), (-0.25881857, 0.96592593, 0), (-0.28282014, 0.95917296, 0), (-0.28282014, 0.95917296, 0), (-0.28282014, 0.95917296, 0), (-0.25881857, 0.96592593, 0), (-0.25881857, 0.96592593, 0), (-0.25881857, 0.96592593, 0), (-0.28282014, 0.95917296, 0), (-0.28282014, 0.95917296, 0), (-0.28282014, 0.95917296, 0), (-0.30664298, 0.9518246, 0), (-0.30664298, 0.9518246, 0), (-0.30664298, 0.9518246, 0), (-0.30664298, 0.9518246, 0), (-0.30664298, 0.9518246, 0), (-0.30664298, 0.9518246, 0), (-0.3302804, 0.9438829, 0), (-0.3302804, 0.9438829, 0), (-0.3302804, 0.9438829, 0), (-0.3302804, 0.9438829, 0), (-0.3302804, 0.9438829, 0), (-0.3302804, 0.9438829, 0), (-0.3537073, 0.93535614, 0), (-0.3537073, 0.93535614, 0), (-0.3537073, 0.93535614, 0), (-0.3537073, 0.93535614, 0), (-0.3537073, 0.93535614, 0), (-0.3537073, 0.93535614, 0), (-0.37691662, 0.9262472, 0), (-0.37691662, 0.9262472, 0), (-0.37691662, 0.9262472, 0), (-0.37691662, 0.9262472, 0), (-0.37691662, 0.9262472, 0), (-0.37691662, 0.9262472, 0), (-0.39989248, 0.9165621, 0), (-0.39989248, 0.9165621, 0), (-0.39989248, 0.9165621, 0), (-0.39989248, 0.9165621, 0), (-0.39989248, 0.9165621, 0), (-0.39989248, 0.9165621, 0), (-0.42261818, 0.9063078, 0), (-0.42261818, 0.9063078, 0), (-0.42261818, 0.9063078, 0), (-0.42261818, 0.9063078, 0), (-0.42261818, 0.9063078, 0), (-0.42261818, 0.9063078, 0), (-0.44508225, 0.8954897, 0), (-0.44508225, 0.8954897, 0), (-0.44508225, 0.8954897, 0), (-0.44508225, 0.8954897, 0), (-0.44508225, 0.8954897, 0), (-0.44508225, 0.8954897, 0), (-0.46726832, 0.8841156, 0), (-0.46726832, 0.8841156, 0), (-0.46726832, 0.8841156, 0), (-0.46726832, 0.8841156, 0), (-0.46726832, 0.8841156, 0), (-0.46726832, 0.8841156, 0), (-0.48916468, 0.8721914, 0), (-0.48916468, 0.8721914, 0), (-0.48916468, 0.8721914, 0), (-0.48916468, 0.8721914, 0), (-0.48916468, 0.8721914, 0), (-0.48916468, 0.8721914, 0), (-0.5107582, 0.8597244, 0), (-0.5107582, 0.8597244, 0), (-0.5107582, 0.8597244, 0), (-0.5320317, 0.84672445, 0), (-0.5320317, 0.84672445, 0), (-0.5320317, 0.84672445, 0), (-0.5107582, 0.8597244, 0), (-0.5107582, 0.8597244, 0), (-0.5107582, 0.8597244, 0), (-0.5320317, 0.84672445, 0), (-0.5320317, 0.84672445, 0), (-0.5320317, 0.84672445, 0), (-0.552977, 0.83319646, 0), (-0.552977, 0.83319646, 0), (-0.552977, 0.83319646, 0), (-0.552977, 0.83319646, 0), (-0.552977, 0.83319646, 0), (-0.552977, 0.83319646, 0), (-0.57357526, 0.81915283, 0), (-0.57357526, 0.81915283, 0), (-0.57357526, 0.81915283, 0), (-0.57357526, 0.81915283, 0), (-0.57357526, 0.81915283, 0), (-0.57357526, 0.81915283, 0), (-0.5938202, 0.80459774, 0), (-0.5938202, 0.80459774, 0), (-0.5938202, 0.80459774, 0), (-0.5938202, 0.80459774, 0), (-0.5938202, 0.80459774, 0), (-0.5938202, 0.80459774, 0), (-0.61369413, 0.78954387, 0), (-0.61369413, 0.78954387, 0), (-0.61369413, 0.78954387, 0), (-0.61369413, 0.78954387, 0), (-0.61369413, 0.78954387, 0), (-0.61369413, 0.78954387, 0), (-0.6331888, 0.7739974, 0), (-0.6331888, 0.7739974, 0), (-0.6331888, 0.7739974, 0), (-0.6522876, 0.7579716, 0), (-0.6522876, 0.7579716, 0), (-0.6522876, 0.7579716, 0), (-0.6331888, 0.7739974, 0), (-0.6331888, 0.7739974, 0), (-0.6331888, 0.7739974, 0), (-0.6522876, 0.7579716, 0), (-0.6522876, 0.7579716, 0), (-0.6522876, 0.7579716, 0), (-0.6709814, 0.74147415, 0), (-0.6709814, 0.74147415, 0), (-0.6709814, 0.74147415, 0), (-0.6709814, 0.74147415, 0), (-0.6709814, 0.74147415, 0), (-0.6709814, 0.74147415, 0), (-0.6892582, 0.7245158, 0), (-0.6892582, 0.7245158, 0), (-0.6892582, 0.7245158, 0), (-0.6892582, 0.7245158, 0), (-0.6892582, 0.7245158, 0), (-0.6892582, 0.7245158, 0), (-0.70710677, 0.70710677, 0), (-0.70710677, 0.70710677, 0), (-0.70710677, 0.70710677, 0), (-0.7245158, 0.6892582, 0), (-0.7245158, 0.6892582, 0), (-0.7245158, 0.6892582, 0), (-0.70710677, 0.70710677, 0), (-0.70710677, 0.70710677, 0), (-0.70710677, 0.70710677, 0), (-0.7245158, 0.6892582, 0), (-0.7245158, 0.6892582, 0), (-0.7245158, 0.6892582, 0), (-0.74147415, 0.6709814, 0), (-0.74147415, 0.6709814, 0), (-0.74147415, 0.6709814, 0), (-0.74147415, 0.6709814, 0), (-0.74147415, 0.6709814, 0), (-0.74147415, 0.6709814, 0), (-0.7579716, 0.6522876, 0), (-0.7579716, 0.6522876, 0), (-0.7579716, 0.6522876, 0), (-0.7579716, 0.6522876, 0), (-0.7579716, 0.6522876, 0), (-0.7579716, 0.6522876, 0), (-0.7739974, 0.6331888, 0), (-0.7739974, 0.6331888, 0), (-0.7739974, 0.6331888, 0), (-0.78954387, 0.61369413, 0), (-0.78954387, 0.61369413, 0), (-0.78954387, 0.61369413, 0), (-0.7739974, 0.6331888, 0), (-0.7739974, 0.6331888, 0), (-0.7739974, 0.6331888, 0), (-0.78954387, 0.61369413, 0), (-0.78954387, 0.61369413, 0), (-0.78954387, 0.61369413, 0), (-0.80459774, 0.5938202, 0), (-0.80459774, 0.5938202, 0), (-0.80459774, 0.5938202, 0), (-0.80459774, 0.5938202, 0), (-0.80459774, 0.5938202, 0), (-0.80459774, 0.5938202, 0), (-0.81915283, 0.57357526, 0), (-0.81915283, 0.57357526, 0), (-0.81915283, 0.57357526, 0), (-0.81915283, 0.57357526, 0), (-0.81915283, 0.57357526, 0), (-0.81915283, 0.57357526, 0), (-0.83319646, 0.552977, 0), (-0.83319646, 0.552977, 0), (-0.83319646, 0.552977, 0), (-0.83319646, 0.552977, 0), (-0.83319646, 0.552977, 0), (-0.83319646, 0.552977, 0), (-0.84672445, 0.5320317, 0), (-0.84672445, 0.5320317, 0), (-0.84672445, 0.5320317, 0), (-0.84672445, 0.5320317, 0), (-0.84672445, 0.5320317, 0), (-0.84672445, 0.5320317, 0), (-0.8597244, 0.5107582, 0), (-0.8597244, 0.5107582, 0), (-0.8597244, 0.5107582, 0), (-0.8597244, 0.5107582, 0), (-0.8597244, 0.5107582, 0), (-0.8597244, 0.5107582, 0), (-0.8721914, 0.48916468, 0), (-0.8721914, 0.48916468, 0), (-0.8721914, 0.48916468, 0), (-0.8721914, 0.48916468, 0), (-0.8721914, 0.48916468, 0), (-0.8721914, 0.48916468, 0), (-0.8841156, 0.46726832, 0), (-0.8841156, 0.46726832, 0), (-0.8841156, 0.46726832, 0), (-0.8841156, 0.46726832, 0), (-0.8841156, 0.46726832, 0), (-0.8841156, 0.46726832, 0), (-0.8954897, 0.44508225, 0), (-0.8954897, 0.44508225, 0), (-0.8954897, 0.44508225, 0), (-0.8954897, 0.44508225, 0), (-0.8954897, 0.44508225, 0), (-0.8954897, 0.44508225, 0), (-0.9063078, 0.42261818, 0), (-0.9063078, 0.42261818, 0), (-0.9063078, 0.42261818, 0), (-0.9063078, 0.42261818, 0), (-0.9063078, 0.42261818, 0), (-0.9063078, 0.42261818, 0), (-0.9165621, 0.39989248, 0), (-0.9165621, 0.39989248, 0), (-0.9165621, 0.39989248, 0), (-0.9165621, 0.39989248, 0), (-0.9165621, 0.39989248, 0), (-0.9165621, 0.39989248, 0), (-0.9262472, 0.37691662, 0), (-0.9262472, 0.37691662, 0), (-0.9262472, 0.37691662, 0), (-0.9262472, 0.37691662, 0), (-0.9262472, 0.37691662, 0), (-0.9262472, 0.37691662, 0), (-0.93535614, 0.3537073, 0), (-0.93535614, 0.3537073, 0), (-0.93535614, 0.3537073, 0), (-0.93535614, 0.3537073, 0), (-0.93535614, 0.3537073, 0), (-0.93535614, 0.3537073, 0), (-0.9438829, 0.3302804, 0), (-0.9438829, 0.3302804, 0), (-0.9438829, 0.3302804, 0), (-0.9438829, 0.3302804, 0), (-0.9438829, 0.3302804, 0), (-0.9438829, 0.3302804, 0), (-0.9518246, 0.30664298, 0), (-0.9518246, 0.30664298, 0), (-0.9518246, 0.30664298, 0), (-0.9518246, 0.30664298, 0), (-0.9518246, 0.30664298, 0), (-0.9518246, 0.30664298, 0), (-0.95917296, 0.28282014, 0), (-0.95917296, 0.28282014, 0), (-0.95917296, 0.28282014, 0), (-0.95917296, 0.28282014, 0), (-0.95917296, 0.28282014, 0), (-0.95917296, 0.28282014, 0), (-0.96592593, 0.25881857, 0), (-0.96592593, 0.25881857, 0), (-0.96592593, 0.25881857, 0), (-0.96592593, 0.25881857, 0), (-0.96592593, 0.25881857, 0), (-0.96592593, 0.25881857, 0), (-0.9720778, 0.23465884, 0), (-0.9720778, 0.23465884, 0), (-0.9720778, 0.23465884, 0), (-0.9720778, 0.23465884, 0), (-0.9720778, 0.23465884, 0), (-0.9720778, 0.23465884, 0), (-0.97762626, 0.21034947, 0), (-0.97762626, 0.21034947, 0), (-0.97762626, 0.21034947, 0), (-0.9825664, 0.18591192, 0), (-0.9825664, 0.18591192, 0), (-0.9825664, 0.18591192, 0), (-0.97762626, 0.21034947, 0), (-0.97762626, 0.21034947, 0), (-0.97762626, 0.21034947, 0), (-0.9825664, 0.18591192, 0), (-0.9825664, 0.18591192, 0), (-0.9825664, 0.18591192, 0), (-0.98689616, 0.16135657, 0), (-0.98689616, 0.16135657, 0), (-0.98689616, 0.16135657, 0), (-0.98689616, 0.16135657, 0), (-0.98689616, 0.16135657, 0), (-0.98689616, 0.16135657, 0), (-0.9906118, 0.13670495, 0), (-0.9906118, 0.13670495, 0), (-0.9906118, 0.13670495, 0), (-0.9937121, 0.11196497, 0), (-0.9937121, 0.11196497, 0), (-0.9937121, 0.11196497, 0), (-0.9906118, 0.13670495, 0), (-0.9906118, 0.13670495, 0), (-0.9906118, 0.13670495, 0), (-0.9961949, 0.08715358, 0), (-0.9961949, 0.08715358, 0), (-0.9961949, 0.08715358, 0), (-0.9937121, 0.11196497, 0), (-0.9937121, 0.11196497, 0), (-0.9937121, 0.11196497, 0), (-0.9961949, 0.08715358, 0), (-0.9961949, 0.08715358, 0), (-0.9961949, 0.08715358, 0), (-0.9980579, 0.062292952, 0), (-0.9980579, 0.062292952, 0), (-0.9980579, 0.062292952, 0), (-0.99930066, 0.037392996, 0), (-0.99930066, 0.037392996, 0), (-0.99930066, 0.037392996, 0), (-0.9980579, 0.062292952, 0), (-0.9980579, 0.062292952, 0), (-0.9980579, 0.062292952, 0), (-0.99930066, 0.037392996, 0), (-0.99930066, 0.037392996, 0), (-0.99930066, 0.037392996, 0), (-0.9999223, 0.012465972, 0), (-0.9999223, 0.012465972, 0), (-0.9999223, 0.012465972, 0), (-0.9999223, 0.012465972, 0), (-0.9999223, 0.012465972, 0), (-0.9999223, 0.012465972, 0), (-0.9999223, -0.012465972, -0), (-0.9999223, -0.012465972, -0), (-0.9999223, -0.012465972, -0), (-0.9999223, -0.012465972, 0), (-0.9999223, -0.012465972, 0), (-0.9999223, -0.012465972, 0), (-0.99930066, -0.037392996, -0), (-0.99930066, -0.037392996, -0), (-0.99930066, -0.037392996, -0), (-0.99930066, -0.037392996, 0), (-0.99930066, -0.037392996, 0), (-0.99930066, -0.037392996, 0), (-0.9980579, -0.062292952, -0), (-0.9980579, -0.062292952, -0), (-0.9980579, -0.062292952, -0), (-0.9980579, -0.062292952, 0), (-0.9980579, -0.062292952, 0), (-0.9980579, -0.062292952, 0), (-0.9961949, -0.08715358, -0), (-0.9961949, -0.08715358, -0), (-0.9961949, -0.08715358, -0), (-0.9961949, -0.08715358, 0), (-0.9961949, -0.08715358, 0), (-0.9961949, -0.08715358, 0), (-0.9937121, -0.11196497, -0), (-0.9937121, -0.11196497, -0), (-0.9937121, -0.11196497, -0), (-0.9937121, -0.11196497, 0), (-0.9937121, -0.11196497, 0), (-0.9937121, -0.11196497, 0), (-0.9906118, -0.13670495, -0), (-0.9906118, -0.13670495, -0), (-0.9906118, -0.13670495, -0), (-0.9906118, -0.13670495, 0), (-0.9906118, -0.13670495, 0), (-0.9906118, -0.13670495, 0), (-0.98689616, -0.16135657, -0), (-0.98689616, -0.16135657, -0), (-0.98689616, -0.16135657, -0), (-0.98689616, -0.16135657, 0), (-0.98689616, -0.16135657, 0), (-0.98689616, -0.16135657, 0), (-0.9825664, -0.18591192, -0), (-0.9825664, -0.18591192, -0), (-0.9825664, -0.18591192, -0), (-0.9825664, -0.18591192, 0), (-0.9825664, -0.18591192, 0), (-0.9825664, -0.18591192, 0), (-0.97762626, -0.21034947, -0), (-0.97762626, -0.21034947, -0), (-0.97762626, -0.21034947, -0), (-0.97762626, -0.21034947, 0), (-0.97762626, -0.21034947, 0), (-0.97762626, -0.21034947, 0), (-0.9720778, -0.23465884, -0), (-0.9720778, -0.23465884, -0), (-0.9720778, -0.23465884, -0), (-0.9720778, -0.23465884, 0), (-0.9720778, -0.23465884, 0), (-0.9720778, -0.23465884, 0), (-0.96592593, -0.25881857, -0), (-0.96592593, -0.25881857, -0), (-0.96592593, -0.25881857, -0), (-0.96592593, -0.25881857, 0), (-0.96592593, -0.25881857, 0), (-0.96592593, -0.25881857, 0), (-0.95917296, -0.28282014, -0), (-0.95917296, -0.28282014, -0), (-0.95917296, -0.28282014, -0), (-0.95917296, -0.28282014, 0), (-0.95917296, -0.28282014, 0), (-0.95917296, -0.28282014, 0), (-0.9518246, -0.30664298, -0), (-0.9518246, -0.30664298, -0), (-0.9518246, -0.30664298, -0), (-0.9518246, -0.30664298, 0), (-0.9518246, -0.30664298, 0), (-0.9518246, -0.30664298, 0), (-0.9438829, -0.3302804, -0), (-0.9438829, -0.3302804, -0), (-0.9438829, -0.3302804, -0), (-0.9438829, -0.3302804, 0), (-0.9438829, -0.3302804, 0), (-0.9438829, -0.3302804, 0), (-0.93535614, -0.3537073, -0), (-0.93535614, -0.3537073, -0), (-0.93535614, -0.3537073, -0), (-0.93535614, -0.3537073, 0), (-0.93535614, -0.3537073, 0), (-0.93535614, -0.3537073, 0), (-0.9262472, -0.37691662, -0), (-0.9262472, -0.37691662, -0), (-0.9262472, -0.37691662, -0), (-0.9262472, -0.37691662, 0), (-0.9262472, -0.37691662, 0), (-0.9262472, -0.37691662, 0), (-0.9165621, -0.39989248, -0), (-0.9165621, -0.39989248, -0), (-0.9165621, -0.39989248, -0), (-0.9165621, -0.39989248, 0), (-0.9165621, -0.39989248, 0), (-0.9165621, -0.39989248, 0), (-0.9063078, -0.42261818, -0), (-0.9063078, -0.42261818, -0), (-0.9063078, -0.42261818, -0), (-0.9063078, -0.42261818, 0), (-0.9063078, -0.42261818, 0), (-0.9063078, -0.42261818, 0), (-0.8954897, -0.44508225, -0), (-0.8954897, -0.44508225, -0), (-0.8954897, -0.44508225, -0), (-0.8954897, -0.44508225, 0), (-0.8954897, -0.44508225, 0), (-0.8954897, -0.44508225, 0), (-0.8841156, -0.46726832, -0), (-0.8841156, -0.46726832, -0), (-0.8841156, -0.46726832, -0), (-0.8841156, -0.46726832, 0), (-0.8841156, -0.46726832, 0), (-0.8841156, -0.46726832, 0), (-0.8721914, -0.48916468, -0), (-0.8721914, -0.48916468, -0), (-0.8721914, -0.48916468, -0), (-0.8721914, -0.48916468, 0), (-0.8721914, -0.48916468, 0), (-0.8721914, -0.48916468, 0), (-0.8597244, -0.5107582, -0), (-0.8597244, -0.5107582, -0), (-0.8597244, -0.5107582, -0), (-0.8597244, -0.5107582, 0), (-0.8597244, -0.5107582, 0), (-0.8597244, -0.5107582, 0), (-0.84672445, -0.5320317, -0), (-0.84672445, -0.5320317, -0), (-0.84672445, -0.5320317, -0), (-0.84672445, -0.5320317, 0), (-0.84672445, -0.5320317, 0), (-0.84672445, -0.5320317, 0), (-0.81915283, -0.57357526, -0), (-0.81915283, -0.57357526, -0), (-0.81915283, -0.57357526, -0), (-0.83319646, -0.552977, -0), (-0.83319646, -0.552977, -0), (-0.83319646, -0.552977, -0), (-0.83319646, -0.552977, 0), (-0.83319646, -0.552977, 0), (-0.83319646, -0.552977, 0), (-0.81915283, -0.57357526, 0), (-0.81915283, -0.57357526, 0), (-0.81915283, -0.57357526, 0), (-0.80459774, -0.5938202, -0), (-0.80459774, -0.5938202, -0), (-0.80459774, -0.5938202, -0), (-0.80459774, -0.5938202, 0), (-0.80459774, -0.5938202, 0), (-0.80459774, -0.5938202, 0), (-0.78954387, -0.61369413, 0), (-0.78954387, -0.61369413, 0), (-0.78954387, -0.61369413, 0), (-0.78954387, -0.61369413, -0), (-0.78954387, -0.61369413, -0), (-0.78954387, -0.61369413, -0), (-0.7739974, -0.6331888, 0), (-0.7739974, -0.6331888, 0), (-0.7739974, -0.6331888, 0), (-0.7739974, -0.6331888, -0), (-0.7739974, -0.6331888, -0), (-0.7739974, -0.6331888, -0), (-0.7579716, -0.6522876, 0), (-0.7579716, -0.6522876, 0), (-0.7579716, -0.6522876, 0), (-0.7579716, -0.6522876, -0), (-0.7579716, -0.6522876, -0), (-0.7579716, -0.6522876, -0), (-0.74147415, -0.6709814, 0), (-0.74147415, -0.6709814, 0), (-0.74147415, -0.6709814, 0), (-0.74147415, -0.6709814, -0), (-0.74147415, -0.6709814, -0), (-0.74147415, -0.6709814, -0), (-0.7245158, -0.6892582, 0), (-0.7245158, -0.6892582, 0), (-0.7245158, -0.6892582, 0), (-0.70710677, -0.70710677, -0), (-0.70710677, -0.70710677, -0), (-0.70710677, -0.70710677, -0), (-0.7245158, -0.6892582, -0), (-0.7245158, -0.6892582, -0), (-0.7245158, -0.6892582, -0), (-0.70710677, -0.70710677, 0), (-0.70710677, -0.70710677, 0), (-0.70710677, -0.70710677, 0), (-0.6892582, -0.7245158, 0), (-0.6892582, -0.7245158, 0), (-0.6892582, -0.7245158, 0), (-0.6709814, -0.74147415, -0), (-0.6709814, -0.74147415, -0), (-0.6709814, -0.74147415, -0), (-0.6892582, -0.7245158, -0), (-0.6892582, -0.7245158, -0), (-0.6892582, -0.7245158, -0), (-0.6709814, -0.74147415, 0), (-0.6709814, -0.74147415, 0), (-0.6709814, -0.74147415, 0), (-0.6522876, -0.7579716, 0), (-0.6522876, -0.7579716, 0), (-0.6522876, -0.7579716, 0), (-0.6522876, -0.7579716, -0), (-0.6522876, -0.7579716, -0), (-0.6522876, -0.7579716, -0), (-0.6331888, -0.7739974, 0), (-0.6331888, -0.7739974, 0), (-0.6331888, -0.7739974, 0), (-0.61369413, -0.78954387, -0), (-0.61369413, -0.78954387, -0), (-0.61369413, -0.78954387, -0), (-0.6331888, -0.7739974, -0), (-0.6331888, -0.7739974, -0), (-0.6331888, -0.7739974, -0), (-0.61369413, -0.78954387, 0), (-0.61369413, -0.78954387, 0), (-0.61369413, -0.78954387, 0), (-0.5938202, -0.80459774, 0), (-0.5938202, -0.80459774, 0), (-0.5938202, -0.80459774, 0), (-0.5938202, -0.80459774, -0), (-0.5938202, -0.80459774, -0), (-0.5938202, -0.80459774, -0), (-0.57357526, -0.81915283, 0), (-0.57357526, -0.81915283, 0), (-0.57357526, -0.81915283, 0), (-0.552977, -0.83319646, -0), (-0.552977, -0.83319646, -0), (-0.552977, -0.83319646, -0), (-0.57357526, -0.81915283, -0), (-0.57357526, -0.81915283, -0), (-0.57357526, -0.81915283, -0), (-0.552977, -0.83319646, 0), (-0.552977, -0.83319646, 0), (-0.552977, -0.83319646, 0), (-0.5320317, -0.84672445, 0), (-0.5320317, -0.84672445, 0), (-0.5320317, -0.84672445, 0), (-0.5320317, -0.84672445, -0), (-0.5320317, -0.84672445, -0), (-0.5320317, -0.84672445, -0), (-0.5107582, -0.8597244, 0), (-0.5107582, -0.8597244, 0), (-0.5107582, -0.8597244, 0), (-0.5107582, -0.8597244, -0), (-0.5107582, -0.8597244, -0), (-0.5107582, -0.8597244, -0), (-0.48916468, -0.8721914, 0), (-0.48916468, -0.8721914, 0), (-0.48916468, -0.8721914, 0), (-0.48916468, -0.8721914, -0), (-0.48916468, -0.8721914, -0), (-0.48916468, -0.8721914, -0), (-0.46726832, -0.8841156, 0), (-0.46726832, -0.8841156, 0), (-0.46726832, -0.8841156, 0), (-0.46726832, -0.8841156, -0), (-0.46726832, -0.8841156, -0), (-0.46726832, -0.8841156, -0), (-0.44508225, -0.8954897, 0), (-0.44508225, -0.8954897, 0), (-0.44508225, -0.8954897, 0), (-0.44508225, -0.8954897, -0), (-0.44508225, -0.8954897, -0), (-0.44508225, -0.8954897, -0), (-0.42261818, -0.9063078, 0), (-0.42261818, -0.9063078, 0), (-0.42261818, -0.9063078, 0), (-0.42261818, -0.9063078, -0), (-0.42261818, -0.9063078, -0), (-0.42261818, -0.9063078, -0), (-0.39989248, -0.9165621, 0), (-0.39989248, -0.9165621, 0), (-0.39989248, -0.9165621, 0), (-0.39989248, -0.9165621, -0), (-0.39989248, -0.9165621, -0), (-0.39989248, -0.9165621, -0), (-0.37691662, -0.9262472, 0), (-0.37691662, -0.9262472, 0), (-0.37691662, -0.9262472, 0), (-0.37691662, -0.9262472, -0), (-0.37691662, -0.9262472, -0), (-0.37691662, -0.9262472, -0), (-0.3537073, -0.93535614, 0), (-0.3537073, -0.93535614, 0), (-0.3537073, -0.93535614, 0), (-0.3537073, -0.93535614, -0), (-0.3537073, -0.93535614, -0), (-0.3537073, -0.93535614, -0), (-0.3302804, -0.9438829, -0), (-0.3302804, -0.9438829, -0), (-0.3302804, -0.9438829, -0), (-0.3302804, -0.9438829, 0), (-0.3302804, -0.9438829, 0), (-0.3302804, -0.9438829, 0), (-0.30664298, -0.9518246, -0), (-0.30664298, -0.9518246, -0), (-0.30664298, -0.9518246, -0), (-0.30664298, -0.9518246, 0), (-0.30664298, -0.9518246, 0), (-0.30664298, -0.9518246, 0), (-0.28282014, -0.95917296, -0), (-0.28282014, -0.95917296, -0), (-0.28282014, -0.95917296, -0), (-0.28282014, -0.95917296, 0), (-0.28282014, -0.95917296, 0), (-0.28282014, -0.95917296, 0), (-0.25881857, -0.96592593, -0), (-0.25881857, -0.96592593, -0), (-0.25881857, -0.96592593, -0), (-0.25881857, -0.96592593, 0), (-0.25881857, -0.96592593, 0), (-0.25881857, -0.96592593, 0), (-0.23465884, -0.9720778, -0), (-0.23465884, -0.9720778, -0), (-0.23465884, -0.9720778, -0), (-0.23465884, -0.9720778, 0), (-0.23465884, -0.9720778, 0), (-0.23465884, -0.9720778, 0), (-0.21034947, -0.97762626, -0), (-0.21034947, -0.97762626, -0), (-0.21034947, -0.97762626, -0), (-0.21034947, -0.97762626, 0), (-0.21034947, -0.97762626, 0), (-0.21034947, -0.97762626, 0), (-0.18591192, -0.9825664, -0), (-0.18591192, -0.9825664, -0), (-0.18591192, -0.9825664, -0), (-0.18591192, -0.9825664, 0), (-0.18591192, -0.9825664, 0), (-0.18591192, -0.9825664, 0), (-0.16135657, -0.98689616, 0), (-0.16135657, -0.98689616, 0), (-0.16135657, -0.98689616, 0), (-0.16135657, -0.98689616, -0), (-0.16135657, -0.98689616, -0), (-0.16135657, -0.98689616, -0), (-0.13670495, -0.9906118, -0), (-0.13670495, -0.9906118, -0), (-0.13670495, -0.9906118, -0), (-0.13670495, -0.9906118, 0), (-0.13670495, -0.9906118, 0), (-0.13670495, -0.9906118, 0), (-0.11196497, -0.9937121, 0), (-0.11196497, -0.9937121, 0), (-0.11196497, -0.9937121, 0), (-0.11196497, -0.9937121, -0), (-0.11196497, -0.9937121, -0), (-0.11196497, -0.9937121, -0), (-0.08715358, -0.9961949, 0), (-0.08715358, -0.9961949, 0), (-0.08715358, -0.9961949, 0), (-0.08715358, -0.9961949, -0), (-0.08715358, -0.9961949, -0), (-0.08715358, -0.9961949, -0), (-0.062292952, -0.9980579, 0), (-0.062292952, -0.9980579, 0), (-0.062292952, -0.9980579, 0), (-0.037392996, -0.99930066, -0), (-0.037392996, -0.99930066, -0), (-0.037392996, -0.99930066, -0), (-0.062292952, -0.9980579, -0), (-0.062292952, -0.9980579, -0), (-0.062292952, -0.9980579, -0), (-0.012465972, -0.9999223, -0), (-0.012465972, -0.9999223, -0), (-0.012465972, -0.9999223, -0), (-0.037392996, -0.99930066, 0), (-0.037392996, -0.99930066, 0), (-0.037392996, -0.99930066, 0), (-0.012465972, -0.9999223, 0), (-0.012465972, -0.9999223, 0), (-0.012465972, -0.9999223, 0), (0.012465972, -0.9999223, 0), (0.012465972, -0.9999223, 0), (0.012465972, -0.9999223, 0), (0.012465972, -0.9999223, 0), (0.012465972, -0.9999223, 0), (0.012465972, -0.9999223, 0), (0.037392996, -0.99930066, 0), (0.037392996, -0.99930066, 0), (0.037392996, -0.99930066, 0), (0.037392996, -0.99930066, 0), (0.037392996, -0.99930066, 0), (0.037392996, -0.99930066, 0), (0.062292952, -0.9980579, 0), (0.062292952, -0.9980579, 0), (0.062292952, -0.9980579, 0), (0.062292952, -0.9980579, 0), (0.062292952, -0.9980579, 0), (0.062292952, -0.9980579, 0), (0.08715358, -0.9961949, 0), (0.08715358, -0.9961949, 0), (0.08715358, -0.9961949, 0), (0.11196497, -0.9937121, 0), (0.11196497, -0.9937121, 0), (0.11196497, -0.9937121, 0), (0.08715358, -0.9961949, 0), (0.08715358, -0.9961949, 0), (0.08715358, -0.9961949, 0), (0.11196497, -0.9937121, 0), (0.11196497, -0.9937121, 0), (0.11196497, -0.9937121, 0), (0.13670495, -0.9906118, 0), (0.13670495, -0.9906118, 0), (0.13670495, -0.9906118, 0), (0.16135657, -0.98689616, 0), (0.16135657, -0.98689616, 0), (0.16135657, -0.98689616, 0), (0.13670495, -0.9906118, 0), (0.13670495, -0.9906118, 0), (0.13670495, -0.9906118, 0), (0.18591192, -0.9825664, 0), (0.18591192, -0.9825664, 0), (0.18591192, -0.9825664, 0), (0.16135657, -0.98689616, 0), (0.16135657, -0.98689616, 0), (0.16135657, -0.98689616, 0), (0.18591192, -0.9825664, 0), (0.18591192, -0.9825664, 0), (0.18591192, -0.9825664, 0), (0.21034947, -0.97762626, 0), (0.21034947, -0.97762626, 0), (0.21034947, -0.97762626, 0), (0.21034947, -0.97762626, 0), (0.21034947, -0.97762626, 0), (0.21034947, -0.97762626, 0), (0.23465884, -0.9720778, 0), (0.23465884, -0.9720778, 0), (0.23465884, -0.9720778, 0), (0.23465884, -0.9720778, 0), (0.23465884, -0.9720778, 0), (0.23465884, -0.9720778, 0), (0.25881857, -0.96592593, 0), (0.25881857, -0.96592593, 0), (0.25881857, -0.96592593, 0), (0.25881857, -0.96592593, 0), (0.25881857, -0.96592593, 0), (0.25881857, -0.96592593, 0), (0.28282014, -0.95917296, 0), (0.28282014, -0.95917296, 0), (0.28282014, -0.95917296, 0), (0.28282014, -0.95917296, 0), (0.28282014, -0.95917296, 0), (0.28282014, -0.95917296, 0), (0.30664298, -0.9518246, 0), (0.30664298, -0.9518246, 0), (0.30664298, -0.9518246, 0), (0.30664298, -0.9518246, 0), (0.30664298, -0.9518246, 0), (0.30664298, -0.9518246, 0), (0.3302804, -0.9438829, 0), (0.3302804, -0.9438829, 0), (0.3302804, -0.9438829, 0), (0.3302804, -0.9438829, 0), (0.3302804, -0.9438829, 0), (0.3302804, -0.9438829, 0), (0.3537073, -0.93535614, 0), (0.3537073, -0.93535614, 0), (0.3537073, -0.93535614, 0), (0.3537073, -0.93535614, 0), (0.3537073, -0.93535614, 0), (0.3537073, -0.93535614, 0), (0.37691662, -0.9262472, 0), (0.37691662, -0.9262472, 0), (0.37691662, -0.9262472, 0), (0.37691662, -0.9262472, 0), (0.37691662, -0.9262472, 0), (0.37691662, -0.9262472, 0), (0.39989248, -0.9165621, 0), (0.39989248, -0.9165621, 0), (0.39989248, -0.9165621, 0), (0.39989248, -0.9165621, 0), (0.39989248, -0.9165621, 0), (0.39989248, -0.9165621, 0), (0.42261818, -0.9063078, 0), (0.42261818, -0.9063078, 0), (0.42261818, -0.9063078, 0), (0.42261818, -0.9063078, 0), (0.42261818, -0.9063078, 0), (0.42261818, -0.9063078, 0), (0.44508225, -0.8954897, 0), (0.44508225, -0.8954897, 0), (0.44508225, -0.8954897, 0), (0.44508225, -0.8954897, 0), (0.44508225, -0.8954897, 0), (0.44508225, -0.8954897, 0), (0.46726832, -0.8841156, 0), (0.46726832, -0.8841156, 0), (0.46726832, -0.8841156, 0), (0.46726832, -0.8841156, 0), (0.46726832, -0.8841156, 0), (0.46726832, -0.8841156, 0), (0.48916468, -0.8721914, 0), (0.48916468, -0.8721914, 0), (0.48916468, -0.8721914, 0), (0.48916468, -0.8721914, 0), (0.48916468, -0.8721914, 0), (0.48916468, -0.8721914, 0), (0.5107582, -0.8597244, 0), (0.5107582, -0.8597244, 0), (0.5107582, -0.8597244, 0), (0.5107582, -0.8597244, 0), (0.5107582, -0.8597244, 0), (0.5107582, -0.8597244, 0), (0.5320317, -0.84672445, 0), (0.5320317, -0.84672445, 0), (0.5320317, -0.84672445, 0), (0.5320317, -0.84672445, 0), (0.5320317, -0.84672445, 0), (0.5320317, -0.84672445, 0), (0.552977, -0.83319646, 0), (0.552977, -0.83319646, 0), (0.552977, -0.83319646, 0), (0.552977, -0.83319646, 0), (0.552977, -0.83319646, 0), (0.552977, -0.83319646, 0), (0.57357526, -0.81915283, 0), (0.57357526, -0.81915283, 0), (0.57357526, -0.81915283, 0), (0.57357526, -0.81915283, 0), (0.57357526, -0.81915283, 0), (0.57357526, -0.81915283, 0), (0.5938202, -0.80459774, 0), (0.5938202, -0.80459774, 0), (0.5938202, -0.80459774, 0), (0.5938202, -0.80459774, 0), (0.5938202, -0.80459774, 0), (0.5938202, -0.80459774, 0), (0.61369413, -0.78954387, 0), (0.61369413, -0.78954387, 0), (0.61369413, -0.78954387, 0), (0.61369413, -0.78954387, 0), (0.61369413, -0.78954387, 0), (0.61369413, -0.78954387, 0), (0.6331888, -0.7739974, 0), (0.6331888, -0.7739974, 0), (0.6331888, -0.7739974, 0), (0.6331888, -0.7739974, 0), (0.6331888, -0.7739974, 0), (0.6331888, -0.7739974, 0), (0.6522876, -0.7579716, 0), (0.6522876, -0.7579716, 0), (0.6522876, -0.7579716, 0), (0.6522876, -0.7579716, 0), (0.6522876, -0.7579716, 0), (0.6522876, -0.7579716, 0), (0.6709814, -0.74147415, 0), (0.6709814, -0.74147415, 0), (0.6709814, -0.74147415, 0), (0.6709814, -0.74147415, 0), (0.6709814, -0.74147415, 0), (0.6709814, -0.74147415, 0), (0.6892582, -0.7245158, 0), (0.6892582, -0.7245158, 0), (0.6892582, -0.7245158, 0), (0.6892582, -0.7245158, 0), (0.6892582, -0.7245158, 0), (0.6892582, -0.7245158, 0), (0.70710677, -0.70710677, 0), (0.70710677, -0.70710677, 0), (0.70710677, -0.70710677, 0), (0.70710677, -0.70710677, 0), (0.70710677, -0.70710677, 0), (0.70710677, -0.70710677, 0), (0.7245158, -0.6892582, 0), (0.7245158, -0.6892582, 0), (0.7245158, -0.6892582, 0), (0.74147415, -0.6709814, 0), (0.74147415, -0.6709814, 0), (0.74147415, -0.6709814, 0), (0.7245158, -0.6892582, 0), (0.7245158, -0.6892582, 0), (0.7245158, -0.6892582, 0), (0.74147415, -0.6709814, 0), (0.74147415, -0.6709814, 0), (0.74147415, -0.6709814, 0), (0.7579716, -0.6522876, 0), (0.7579716, -0.6522876, 0), (0.7579716, -0.6522876, 0), (0.7579716, -0.6522876, 0), (0.7579716, -0.6522876, 0), (0.7579716, -0.6522876, 0), (0.7739974, -0.6331888, 0), (0.7739974, -0.6331888, 0), (0.7739974, -0.6331888, 0), (0.78954387, -0.61369413, 0), (0.78954387, -0.61369413, 0), (0.78954387, -0.61369413, 0), (0.7739974, -0.6331888, 0), (0.7739974, -0.6331888, 0), (0.7739974, -0.6331888, 0), (0.78954387, -0.61369413, 0), (0.78954387, -0.61369413, 0), (0.78954387, -0.61369413, 0), (0.80459774, -0.5938202, 0), (0.80459774, -0.5938202, 0), (0.80459774, -0.5938202, 0), (0.80459774, -0.5938202, 0), (0.80459774, -0.5938202, 0), (0.80459774, -0.5938202, 0), (0.81915283, -0.57357526, 0), (0.81915283, -0.57357526, 0), (0.81915283, -0.57357526, 0), (0.81915283, -0.57357526, 0), (0.81915283, -0.57357526, 0), (0.81915283, -0.57357526, 0), (0.83319646, -0.552977, 0), (0.83319646, -0.552977, 0), (0.83319646, -0.552977, 0), (0.83319646, -0.552977, 0), (0.83319646, -0.552977, 0), (0.83319646, -0.552977, 0), (0.84672445, -0.5320317, 0), (0.84672445, -0.5320317, 0), (0.84672445, -0.5320317, 0), (0.84672445, -0.5320317, 0), (0.84672445, -0.5320317, 0), (0.84672445, -0.5320317, 0), (0.8597244, -0.5107582, 0), (0.8597244, -0.5107582, 0), (0.8597244, -0.5107582, 0), (0.8597244, -0.5107582, 0), (0.8597244, -0.5107582, 0), (0.8597244, -0.5107582, 0), (0.8721914, -0.48916468, 0), (0.8721914, -0.48916468, 0), (0.8721914, -0.48916468, 0), (0.8721914, -0.48916468, 0), (0.8721914, -0.48916468, 0), (0.8721914, -0.48916468, 0), (0.8841156, -0.46726832, 0), (0.8841156, -0.46726832, 0), (0.8841156, -0.46726832, 0), (0.8841156, -0.46726832, 0), (0.8841156, -0.46726832, 0), (0.8841156, -0.46726832, 0), (0.8954897, -0.44508225, 0), (0.8954897, -0.44508225, 0), (0.8954897, -0.44508225, 0), (0.8954897, -0.44508225, 0), (0.8954897, -0.44508225, 0), (0.8954897, -0.44508225, 0), (0.9063078, -0.42261818, 0), (0.9063078, -0.42261818, 0), (0.9063078, -0.42261818, 0), (0.9063078, -0.42261818, 0), (0.9063078, -0.42261818, 0), (0.9063078, -0.42261818, 0), (0.9165621, -0.39989248, 0), (0.9165621, -0.39989248, 0), (0.9165621, -0.39989248, 0), (0.9165621, -0.39989248, 0), (0.9165621, -0.39989248, 0), (0.9165621, -0.39989248, 0), (0.9262472, -0.37691662, 0), (0.9262472, -0.37691662, 0), (0.9262472, -0.37691662, 0), (0.9262472, -0.37691662, 0), (0.9262472, -0.37691662, 0), (0.9262472, -0.37691662, 0), (0.93535614, -0.3537073, 0), (0.93535614, -0.3537073, 0), (0.93535614, -0.3537073, 0), (0.93535614, -0.3537073, 0), (0.93535614, -0.3537073, 0), (0.93535614, -0.3537073, 0), (0.9438829, -0.3302804, 0), (0.9438829, -0.3302804, 0), (0.9438829, -0.3302804, 0), (0.9438829, -0.3302804, 0), (0.9438829, -0.3302804, 0), (0.9438829, -0.3302804, 0), (0.9518246, -0.30664298, 0), (0.9518246, -0.30664298, 0), (0.9518246, -0.30664298, 0), (0.9518246, -0.30664298, 0), (0.9518246, -0.30664298, 0), (0.9518246, -0.30664298, 0), (0.95917296, -0.28282014, 0), (0.95917296, -0.28282014, 0), (0.95917296, -0.28282014, 0), (0.95917296, -0.28282014, 0), (0.95917296, -0.28282014, 0), (0.95917296, -0.28282014, 0), (0.96592593, -0.25881857, 0), (0.96592593, -0.25881857, 0), (0.96592593, -0.25881857, 0), (0.96592593, -0.25881857, 0), (0.96592593, -0.25881857, 0), (0.96592593, -0.25881857, 0), (0.9720778, -0.23465884, 0), (0.9720778, -0.23465884, 0), (0.9720778, -0.23465884, 0), (0.9720778, -0.23465884, 0), (0.9720778, -0.23465884, 0), (0.9720778, -0.23465884, 0), (0.97762626, -0.21034947, 0), (0.97762626, -0.21034947, 0), (0.97762626, -0.21034947, 0), (0.97762626, -0.21034947, 0), (0.97762626, -0.21034947, 0), (0.97762626, -0.21034947, 0), (0.9825664, -0.18591192, 0), (0.9825664, -0.18591192, 0), (0.9825664, -0.18591192, 0), (0.9825664, -0.18591192, 0), (0.9825664, -0.18591192, 0), (0.9825664, -0.18591192, 0), (0.98689616, -0.16135657, 0), (0.98689616, -0.16135657, 0), (0.98689616, -0.16135657, 0), (0.98689616, -0.16135657, 0), (0.98689616, -0.16135657, 0), (0.98689616, -0.16135657, 0), (0.9906118, -0.13670495, 0), (0.9906118, -0.13670495, 0), (0.9906118, -0.13670495, 0), (0.9906118, -0.13670495, 0), (0.9906118, -0.13670495, 0), (0.9906118, -0.13670495, 0), (0.9937121, -0.11196497, 0), (0.9937121, -0.11196497, 0), (0.9937121, -0.11196497, 0), (0.9937121, -0.11196497, 0), (0.9937121, -0.11196497, 0), (0.9937121, -0.11196497, 0), (0.9961949, -0.08715358, 0), (0.9961949, -0.08715358, 0), (0.9961949, -0.08715358, 0), (0.9961949, -0.08715358, 0), (0.9961949, -0.08715358, 0), (0.9961949, -0.08715358, 0), (0.9980579, -0.062292952, 0), (0.9980579, -0.062292952, 0), (0.9980579, -0.062292952, 0), (0.9980579, -0.062292952, 0), (0.9980579, -0.062292952, 0), (0.9980579, -0.062292952, 0), (0.99930066, -0.037392996, 0), (0.99930066, -0.037392996, 0), (0.99930066, -0.037392996, 0), (0.9999223, -0.012465972, 0), (0.9999223, -0.012465972, 0), (0.9999223, -0.012465972, 0), (0.99930066, -0.037392996, 0), (0.99930066, -0.037392996, 0), (0.99930066, -0.037392996, 0), (0.9999223, -0.012465972, 0), (0.9999223, -0.012465972, 0), (0.9999223, -0.012465972, 0), (0, 0, 1), (0, 0, 1), (0, 0, 1), (0, 0, 1), (0, 0, 1), (0, 0, 1), (0, 0, 1), (0, 0, 1), (0, 0, 1), (0, 0, 1), (0, 0, 1), (0, 0, 1), (0, 0, 1), (0, 0, 1), (0, 0, 1), (0, 0, 1), (0, 0, 1), (0, 0, 1), (0, 0, 1), (0, 0, 1), (0, 0, 1), (0, 0, 1), (0, 0, 1), (0, 0, 1), (0, 0, 1), (0, 0, 1), (0, 0, 1), (0, 0, 1), (0, 0, 1), (0, 0, 1), (0, 0, 1), (0, 0, 1), (0, 0, 1), (0, 0, 1), (0, 0, 1), (0, 0, 1), (0, 0, 1), (0, 0, 1), (0, 0, 1), (0, 0, 1), (0, 0, 1), (0, 0, 1), (0, 0, 1), (0, 0, 1), (0, 0, 1), (0, 0, 1), (0, 0, 1), (0, 0, 1), (0, 0, 1), (0, 0, 1), (0, 0, 1), (0, 0, 1), (0, 0, 1), (0, 0, 1), (0, 0, 1), (0, 0, 1), (0, 0, 1), (0, 0, 1), (0, 0, 1), (0, 0, 1), (0, 0, 1), (0, 0, 1), (0, 0, 1), (0, 0, 1), (0, 0, 1), (0, 0, 1), (0, 0, 1), (0, 0, 1), (0, 0, 1), (0, 0, 1), (0, 0, 1), (0, 0, 1), (0, 0, 1), (0, 0, 1), (0, 0, 1), (0, 0, 1), (0, 0, 1), (0, 0, 1), (0, 0, 1), (0, 0, 1), (0, 0, 1), (0, 0, 1), (0, 0, 1), (0, 0, 1), (0, 0, 1), (0, 0, 1), (0, 0, 1), (0, 0, 1), (0, 0, 1), (0, 0, 1), (0, 0, 1), (0, 0, 1), (0, 0, 1), (0, 0, 1), (0, 0, 1), (0, 0, 1), (0, 0, 1), (0, 0, 1), (0, 0, 1), (0, 0, 1), (0, 0, 1), (0, 0, 1), (0, 0, 1), (0, 0, 1), (0, 0, 1), (0, 0, 1), (0, 0, 1), (0, 0, 1), (0, 0, 1), (0, 0, 1), (0, 0, 1), (0, 0, 1), (0, 0, 1), (0, 0, 1), (0, 0, 1), (0, 0, 1), (0, 0, 1), (0, 0, 1), (0, 0, 1), (0, 0, 1), (0, 0, 1), (0, 0, 1), (0, 0, 1), (0, 0, 1), (0, 0, 1), (0, 0, 1), (0, 0, 1), (0, 0, 1), (0, 0, 1), (0, 0, 1), (0, 0, 1), (0, 0, 1), (0, 0, 1), (0, 0, 1), (0, 0, 1), (0, 0, 1), (0, 0, 1), (0, 0, 1), (0, 0, 1), (0, 0, 1), (0, 0, 1), (0, 0, 1), (0, 0, 1), (0, 0, 1), (0, 0, 1), (0, 0, 1), (0, 0, 1), (0, 0, 1), (0, 0, 1), (0, 0, 1), (0, 0, 1), (0, 0, 1), (0, 0, 1), (0, 0, 1), (0, 0, 1), (0, 0, 1), (0, 0, 1), (0, 0, 1), (0, 0, 1), (0, 0, 1), (0, 0, 1), (0, 0, 1), (0, 0, 1), (0, 0, 1), (0, 0, 1), (0, 0, 1), (0, 0, 1), (0, 0, 1), (0, 0, 1), (0, 0, 1), (0, 0, 1), (0, 0, 1), (0, 0, 1), (0, 0, 1), (0, 0, 1), (0, 0, 1), (0, 0, 1), (0, 0, 1), (0, 0, 1), (0, 0, 1), (0, 0, 1), (0, 0, 1), (0, 0, 1), (0, 0, 1), (0, 0, 1), (0, 0, 1), (0, 0, 1), (0, 0, 1), (0, 0, 1), (-0, 0, 1), (-0, 0, 1), (-0, 0, 1), (0, 0, 1), (0, 0, 1), (0, 0, 1), (0, 0, 1), (0, 0, 1), (0, 0, 1), (0, 0, 1), (0, 0, 1), (0, 0, 1), (-0, 0, 1), (-0, 0, 1), (-0, 0, 1), (-0, 0, 1), (-0, 0, 1), (-0, 0, 1), (-0, 0, 1), (-0, 0, 1), (-0, 0, 1), (-0, 0, 1), (-0, 0, 1), (-0, 0, 1), (0, 0, 1), (0, 0, 1), (0, 0, 1), (0, 0, 1), (0, 0, 1), (0, 0, 1), (0, 0, 1), (0, 0, 1), (0, 0, 1), (-0, 0, 1), (-0, 0, 1), (-0, 0, 1), (0, 0, 1), (0, 0, 1), (0, 0, 1), (-0, 0, 1), (-0, 0, 1), (-0, 0, 1), (-0, 0, 1), (-0, 0, 1), (-0, 0, 1), (-0, 0, 1), (-0, 0, 1), (-0, 0, 1), (0, 0, 1), (0, 0, 1), (0, 0, 1), (0, 0, 1), (0, 0, 1), (0, 0, 1), (0, 0, 1), (0, 0, 1), (0, 0, 1), (0, 0, 1), (0, 0, 1), (0, 0, 1), (0, 0, 1), (0, 0, 1), (0, 0, 1), (-0, 0, 1), (-0, 0, 1), (-0, 0, 1), (-0, 0, 1), (-0, 0, 1), (-0, 0, 1), (-0, 0, 1), (-0, 0, 1), (-0, 0, 1), (0, 0, 1), (0, 0, 1), (0, 0, 1), (0, 0, 1), (0, 0, 1), (0, 0, 1), (0, 0, 1), (0, 0, 1), (0, 0, 1), (-0, 0, 1), (-0, 0, 1), (-0, 0, 1), (0, 0, 1), (0, 0, 1), (0, 0, 1), (-0, 0, 1), (-0, 0, 1), (-0, 0, 1), (0, 0, 1), (0, 0, 1), (0, 0, 1), (0, 0, 1), (0, 0, 1), (0, 0, 1), (0, 0, 1), (0, 0, 1), (0, 0, 1), (-0, 0, 1), (-0, 0, 1), (-0, 0, 1), (-0, 0, 1), (-0, 0, 1), (-0, 0, 1), (-0, 0, 1), (-0, 0, 1), (-0, 0, 1), (-0, 0, 1), (-0, 0, 1), (-0, 0, 1), (0, 0, 1), (0, 0, 1), (0, 0, 1), (-0, 0, 1), (-0, 0, 1), (-0, 0, 1), (0, 0, 1), (0, 0, 1), (0, 0, 1), (0, 0, 1), (0, 0, 1), (0, 0, 1), (0, 0, 1), (0, 0, 1), (0, 0, 1), (0, 0, 1), (0, 0, 1), (0, 0, 1), (0, 0, 1), (0, 0, 1), (0, 0, 1), (-0, 0, 1), (-0, 0, 1), (-0, 0, 1), (-0, 0, 1), (-0, 0, 1), (-0, 0, 1), (-0, 0, 1), (-0, 0, 1), (-0, 0, 1), (0, 0, 1), (0, 0, 1), (0, 0, 1), (-0, 0, 1), (-0, 0, 1), (-0, 0, 1), (-0, 0, 1), (-0, 0, 1), (-0, 0, 1), (0, 0, 1), (0, 0, 1), (0, 0, 1), (0, 0, 1), (0, 0, 1), (0, 0, 1), (0, 0, 1), (0, 0, 1), (0, 0, 1), (-0, 0, 1), (-0, 0, 1), (-0, 0, 1), (-0, 0, 1), (-0, 0, 1), (-0, 0, 1), (0, 0, 1), (0, 0, 1), (0, 0, 1), (-0, 0, 1), (-0, 0, 1), (-0, 0, 1), (-0, 0, 1), (-0, 0, 1), (-0, 0, 1), (0, 0, 1), (0, 0, 1), (0, 0, 1), (0, 0, 1), (0, 0, 1), (0, 0, 1), (0, 0, 1), (0, 0, 1), (0, 0, 1), (0, 0, 1), (0, 0, 1), (0, 0, 1), (-0, 0, 1), (-0, 0, 1), (-0, 0, 1), (-0, 0, 1), (-0, 0, 1), (-0, 0, 1), (-0, 0, 1), (-0, 0, 1), (-0, 0, 1), (-0, 0, 1), (-0, 0, 1), (-0, 0, 1), (0, 0, 1), (0, 0, 1), (0, 0, 1), (0, 0, 1), (0, 0, 1), (0, 0, 1), (0, 0, 1), (0, 0, 1), (0, 0, 1), (0, 0, 1), (0, 0, 1), (0, 0, 1), (0, 0, 1), (0, 0, 1), (0, 0, 1), (0, 0, 1), (0, 0, 1), (0, 0, 1), (0, 0, 1), (0, 0, 1), (0, 0, 1), (0, 0, 1), (0, 0, 1), (0, 0, 1), (-0, 0, 1), (-0, 0, 1), (-0, 0, 1), (-0, 0, 1), (-0, 0, 1), (-0, 0, 1), (-0, 0, 1), (-0, 0, 1), (-0, 0, 1), (-0, 0, 1), (-0, 0, 1), (-0, 0, 1), (-0, 0, 1), (-0, 0, 1), (-0, 0, 1), (0, 0, 1), (0, 0, 1), (0, 0, 1), (0, 0, 1), (0, 0, 1), (0, 0, 1), (0, 0, 1), (0, 0, 1), (0, 0, 1), (0, 0, 1), (0, 0, 1), (0, 0, 1), (-0, 0, 1), (-0, 0, 1), (-0, 0, 1), (0, 0, 1), (0, 0, 1), (0, 0, 1), (0, 0, 1), (0, 0, 1), (0, 0, 1), (-0, 0, 1), (-0, 0, 1), (-0, 0, 1), (-0, 0, 1), (-0, 0, 1), (-0, 0, 1), (-0, 0, 1), (-0, 0, 1), (-0, 0, 1), (-0, 0, 1), (-0, 0, 1), (-0, 0, 1), (0, 0, 1), (0, 0, 1), (0, 0, 1), (0, 0, 1), (0, 0, 1), (0, 0, 1), (0, 0, 1), (0, 0, 1), (0, 0, 1), (-0, 0, 1), (-0, 0, 1), (-0, 0, 1), (-0, 0, 1), (-0, 0, 1), (-0, 0, 1), (-0, 0, 1), (-0, 0, 1), (-0, 0, 1), (-0, 0, 1), (-0, 0, 1), (-0, 0, 1), (0, 0, 1), (0, 0, 1), (0, 0, 1), (0, 0, 1), (0, 0, 1), (0, 0, 1), (0, 0, 1), (0, 0, 1), (0, 0, 1), (-0, 0, 1), (-0, 0, 1), (-0, 0, 1), (-0, 0, 1), (-0, 0, 1), (-0, 0, 1), (0, 0, 1), (0, 0, 1), (0, 0, 1), (-0, 0, 1), (-0, 0, 1), (-0, 0, 1), (0, 0, 1), (0, 0, 1), (0, 0, 1), (0, 0, 1), (0, 0, 1), (0, 0, 1), (-0, 0, 1), (-0, 0, 1), (-0, 0, 1), (0, 0, 1), (0, 0, 1), (0, 0, 1), (-0, 0, 1), (-0, 0, 1), (-0, 0, 1), (0, 0, 1), (0, 0, 1), (0, 0, 1), (0, 0, 1), (0, 0, 1), (0, 0, 1), (0, 0, 1), (0, 0, 1), (0, 0, 1), (0, 0, 1), (0, 0, 1), (0, 0, 1), (0, 0, 1), (0, 0, 1), (0, 0, 1), (-0, 0, 1), (-0, 0, 1), (-0, 0, 1), (0, 0, 1), (0, 0, 1), (0, 0, 1), (0, 0, 1), (0, 0, 1), (0, 0, 1), (-0, 0, 1), (-0, 0, 1), (-0, 0, 1), (-0, 0, 1), (-0, 0, 1), (-0, 0, 1), (0, 0, 1), (0, 0, 1), (0, 0, 1), (-0, 0, 1), (-0, 0, 1), (-0, 0, 1), (-0, 0, 1), (-0, 0, 1), (-0, 0, 1), (0, 0, 1), (0, 0, 1), (0, 0, 1), (-0, 0, 1), (-0, 0, 1), (-0, 0, 1), (0, 0, 1), (0, 0, 1), (0, 0, 1), (0, 0, 1), (0, 0, 1), (0, 0, 1), (0, 0, 1), (0, 0, 1), (0, 0, 1), (0, 0, 1), (0, 0, 1), (0, 0, 1), (-0, -0, 1), (-0, -0, 1), (-0, -0, 1), (0, 0, 1), (0, 0, 1), (0, 0, 1), (0, 0, 1), (0, 0, 1), (0, 0, 1), (-0, -0, 1), (-0, -0, 1), (-0, -0, 1), (-0, -0, 1), (-0, -0, 1), (-0, -0, 1), (-0, -0, 1), (-0, -0, 1), (-0, -0, 1), (-0, -0, 1), (-0, -0, 1), (-0, -0, 1), (-0, -0, 1), (-0, -0, 1), (-0, -0, 1), (-0, -0, 1), (-0, -0, 1), (-0, -0, 1), (-0, 0, 1), (-0, 0, 1), (-0, 0, 1), (-0, -0, 1), (-0, -0, 1), (-0, -0, 1), (0, 0, 1), (0, 0, 1), (0, 0, 1), (0, 0, 1), (0, 0, 1), (0, 0, 1), (0, 0, 1), (0, 0, 1), (0, 0, 1), (-0, -0, 1), (-0, -0, 1), (-0, -0, 1), (0, 0, 1), (0, 0, 1), (0, 0, 1), (0, 0, 1), (0, 0, 1), (0, 0, 1), (-0, -0, 1), (-0, -0, 1), (-0, -0, 1), (-0, -0, 1), (-0, -0, 1), (-0, -0, 1), (-0, -0, 1), (-0, -0, 1), (-0, -0, 1), (0, 0, 1), (0, 0, 1), (0, 0, 1), (0, 0, 1), (0, 0, 1), (0, 0, 1), (0, 0, 1), (0, 0, 1), (0, 0, 1), (0, 0, 1), (0, 0, 1), (0, 0, 1), (0, 0, 1), (0, 0, 1), (0, 0, 1), (0, 0, 1), (0, 0, 1), (0, 0, 1), (-0, -0, 1), (-0, -0, 1), (-0, -0, 1), (-0, -0, 1), (-0, -0, 1), (-0, -0, 1), (-0, -0, 1), (-0, -0, 1), (-0, -0, 1), (-0, -0, 1), (-0, -0, 1), (-0, -0, 1), (0, 0, 1), (0, 0, 1), (0, 0, 1), (0, 0, 1), (0, 0, 1), (0, 0, 1), (0, 0, 1), (0, 0, 1), (0, 0, 1), (0, 0, 1), (0, 0, 1), (0, 0, 1), (-0, -0, 1), (-0, -0, 1), (-0, -0, 1), (-0, -0, 1), (-0, -0, 1), (-0, -0, 1), (-0, -0, 1), (-0, -0, 1), (-0, -0, 1), (-0, -0, 1), (-0, -0, 1), (-0, -0, 1), (-0, -0, 1), (-0, -0, 1), (-0, -0, 1), (0, 0, 1), (0, 0, 1), (0, 0, 1), (0, 0, 1), (0, 0, 1), (0, 0, 1), (0, 0, 1), (0, 0, 1), (0, 0, 1), (-0, -0, 1), (-0, -0, 1), (-0, -0, 1), (0, 0, 1), (0, 0, 1), (0, 0, 1), (0, 0, 1), (0, 0, 1), (0, 0, 1), (0, 0, 1), (0, 0, 1), (0, 0, 1), (-0, -0, 1), (-0, -0, 1), (-0, -0, 1), (0, 0, 1), (0, 0, 1), (0, 0, 1), (0, 0, 1), (0, 0, 1), (0, 0, 1), (-0, -0, 1), (-0, -0, 1), (-0, -0, 1), (0, 0, 1), (0, 0, 1), (0, 0, 1), (-0, -0, 1), (-0, -0, 1), (-0, -0, 1), (-0, -0, 1), (-0, -0, 1), (-0, -0, 1), (-0, -0, 1), (-0, -0, 1), (-0, -0, 1), (0, 0, 1), (0, 0, 1), (0, 0, 1), (-0, -0, 1), (-0, -0, 1), (-0, -0, 1), (0, 0, 1), (0, 0, 1), (0, 0, 1), (-0, -0, 1), (-0, -0, 1), (-0, -0, 1), (0, 0, 1), (0, 0, 1), (0, 0, 1), (0, 0, -1), (0, 0, -1), (0, 0, -1), (0, 0, -1), (0, 0, -1), (0, 0, -1), (0, 0, -1), (0, 0, -1), (0, 0, -1), (-0, -0, -1), (-0, -0, -1), (-0, -0, -1), (0, 0, -1), (0, 0, -1), (0, 0, -1), (0, 0, -1), (0, 0, -1), (0, 0, -1), (0, 0, -1), (0, 0, -1), (0, 0, -1), (0, 0, -1), (0, 0, -1), (0, 0, -1), (0, 0, -1), (0, 0, -1), (0, 0, -1), (0, 0, -1), (0, 0, -1), (0, 0, -1), (0, 0, -1), (0, 0, -1), (0, 0, -1), (-0, -0, -1), (-0, -0, -1), (-0, -0, -1), (-0, -0, -1), (-0, -0, -1), (-0, -0, -1), (-0, -0, -1), (-0, -0, -1), (-0, -0, -1), (0, 0, -1), (0, 0, -1), (0, 0, -1), (0, 0, -1), (0, 0, -1), (0, 0, -1), (0, 0, -1), (0, 0, -1), (0, 0, -1), (0, 0, -1), (0, 0, -1), (0, 0, -1), (-0, -0, -1), (-0, -0, -1), (-0, -0, -1), (-0, -0, -1), (-0, -0, -1), (-0, -0, -1), (-0, -0, -1), (-0, -0, -1), (-0, -0, -1), (-0, -0, -1), (-0, -0, -1), (-0, -0, -1), (-0, -0, -1), (-0, -0, -1), (-0, -0, -1), (-0, -0, -1), (-0, -0, -1), (-0, -0, -1), (-0, -0, -1), (-0, -0, -1), (-0, -0, -1), (0, 0, -1), (0, 0, -1), (0, 0, -1), (0, 0, -1), (0, 0, -1), (0, 0, -1), (0, 0, -1), (0, 0, -1), (0, 0, -1), (0, 0, -1), (0, 0, -1), (0, 0, -1), (0, 0, -1), (0, 0, -1), (0, 0, -1), (-0, -0, -1), (-0, -0, -1), (-0, -0, -1), (0, 0, -1), (0, 0, -1), (0, 0, -1), (-0, -0, -1), (-0, -0, -1), (-0, -0, -1), (-0, -0, -1), (-0, -0, -1), (-0, -0, -1), (0, 0, -1), (0, 0, -1), (0, 0, -1), (-0, -0, -1), (-0, -0, -1), (-0, -0, -1), (-0, -0, -1), (-0, -0, -1), (-0, -0, -1), (-0, -0, -1), (-0, -0, -1), (-0, -0, -1), (0, 0, -1), (0, 0, -1), (0, 0, -1), (0, 0, -1), (0, 0, -1), (0, 0, -1), (-0, -0, -1), (-0, -0, -1), (-0, -0, -1), (-0, -0, -1), (-0, -0, -1), (-0, -0, -1), (0, 0, -1), (0, 0, -1), (0, 0, -1), (0, 0, -1), (0, 0, -1), (0, 0, -1), (0, 0, -1), (0, 0, -1), (0, 0, -1), (-0, -0, -1), (-0, -0, -1), (-0, -0, -1), (-0, -0, -1), (-0, -0, -1), (-0, -0, -1), (0, 0, -1), (0, 0, -1), (0, 0, -1), (0, 0, -1), (0, 0, -1), (0, 0, -1), (0, 0, -1), (0, 0, -1), (0, 0, -1), (-0, -0, -1), (-0, -0, -1), (-0, -0, -1), (-0, -0, -1), (-0, -0, -1), (-0, -0, -1), (-0, -0, -1), (-0, -0, -1), (-0, -0, -1), (-0, -0, -1), (-0, -0, -1), (-0, -0, -1), (0, 0, -1), (0, 0, -1), (0, 0, -1), (0, 0, -1), (0, 0, -1), (0, 0, -1), (0, 0, -1), (0, 0, -1), (0, 0, -1), (0, 0, -1), (0, 0, -1), (0, 0, -1), (-0, -0, -1), (-0, -0, -1), (-0, -0, -1), (-0, -0, -1), (-0, -0, -1), (-0, -0, -1), (-0, -0, -1), (-0, -0, -1), (-0, -0, -1), (-0, 0, -1), (-0, 0, -1), (-0, 0, -1), (-0, 0, -1), (-0, 0, -1), (-0, 0, -1), (-0, 0, -1), (-0, 0, -1), (-0, 0, -1), (-0, 0, -1), (-0, 0, -1), (-0, 0, -1), (-0, 0, -1), (-0, 0, -1), (-0, 0, -1), (-0, 0, -1), (-0, 0, -1), (-0, 0, -1), (0, 0, -1), (0, 0, -1), (0, 0, -1), (0, 0, -1), (0, 0, -1), (0, 0, -1), (0, 0, -1), (0, 0, -1), (0, 0, -1), (0, 0, -1), (0, 0, -1), (0, 0, -1), (-0, 0, -1), (-0, 0, -1), (-0, 0, -1), (-0, 0, -1), (-0, 0, -1), (-0, 0, -1), (-0, 0, -1), (-0, 0, -1), (-0, 0, -1), (0, 0, -1), (0, 0, -1), (0, 0, -1), (-0, 0, -1), (-0, 0, -1), (-0, 0, -1), (0, 0, -1), (0, 0, -1), (0, 0, -1), (0, 0, -1), (0, 0, -1), (0, 0, -1), (0, -0, -1), (0, -0, -1), (0, -0, -1), (-0, 0, -1), (-0, 0, -1), (-0, 0, -1), (-0, 0, -1), (-0, 0, -1), (-0, 0, -1), (-0, 0, -1), (-0, 0, -1), (-0, 0, -1), (-0, -0, -1), (-0, -0, -1), (-0, -0, -1), (-0, 0, -1), (-0, 0, -1), (-0, 0, -1), (0, 0, -1), (0, 0, -1), (0, 0, -1), (0, 0, -1), (0, 0, -1), (0, 0, -1), (0, 0, -1), (0, 0, -1), (0, 0, -1), (-0, 0, -1), (-0, 0, -1), (-0, 0, -1), (-0, 0, -1), (-0, 0, -1), (-0, 0, -1), (-0, 0, -1), (-0, 0, -1), (-0, 0, -1), (0, 0, -1), (0, 0, -1), (0, 0, -1), (-0, 0, -1), (-0, 0, -1), (-0, 0, -1), (0, 0, -1), (0, 0, -1), (0, 0, -1), (0, 0, -1), (0, 0, -1), (0, 0, -1), (-0, 0, -1), (-0, 0, -1), (-0, 0, -1), (-0, 0, -1), (-0, 0, -1), (-0, 0, -1), (0, 0, -1), (0, 0, -1), (0, 0, -1), (0, 0, -1), (0, 0, -1), (0, 0, -1), (0, 0, -1), (0, 0, -1), (0, 0, -1), (0, 0, -1), (0, 0, -1), (0, 0, -1), (-0, 0, -1), (-0, 0, -1), (-0, 0, -1), (0, -0, -1), (0, -0, -1), (0, -0, -1), (-0, 0, -1), (-0, 0, -1), (-0, 0, -1), (-0, 0, -1), (-0, 0, -1), (-0, 0, -1), (-0, 0, -1), (-0, 0, -1), (-0, 0, -1), (-0, -0, -1), (-0, -0, -1), (-0, -0, -1), (-0, 0, -1), (-0, 0, -1), (-0, 0, -1), (0, 0, -1), (0, 0, -1), (0, 0, -1), (0, 0, -1), (0, 0, -1), (0, 0, -1), (0, 0, -1), (0, 0, -1), (0, 0, -1), (-0, 0, -1), (-0, 0, -1), (-0, 0, -1), (0, 0, -1), (0, 0, -1), (0, 0, -1), (0, 0, -1), (0, 0, -1), (0, 0, -1), (-0, 0, -1), (-0, 0, -1), (-0, 0, -1), (-0, 0, -1), (-0, 0, -1), (-0, 0, -1), (0, 0, -1), (0, 0, -1), (0, 0, -1), (0, 0, -1), (0, 0, -1), (0, 0, -1), (0, 0, -1), (0, 0, -1), (0, 0, -1), (-0, 0, -1), (-0, 0, -1), (-0, 0, -1), (0, 0, -1), (0, 0, -1), (0, 0, -1), (0, 0, -1), (0, 0, -1), (0, 0, -1), (-0, 0, -1), (-0, 0, -1), (-0, 0, -1), (-0, 0, -1), (-0, 0, -1), (-0, 0, -1), (-0, 0, -1), (-0, 0, -1), (-0, 0, -1), (-0, 0, -1), (-0, 0, -1), (-0, 0, -1), (0, 0, -1), (0, 0, -1), (0, 0, -1), (0, 0, -1), (0, 0, -1), (0, 0, -1), (0, 0, -1), (0, 0, -1), (0, 0, -1), (0, 0, -1), (0, 0, -1), (0, 0, -1), (-0, 0, -1), (-0, 0, -1), (-0, 0, -1), (-0, 0, -1), (-0, 0, -1), (-0, 0, -1), (-0, -0, -1), (-0, -0, -1), (-0, -0, -1), (-0, 0, -1), (-0, 0, -1), (-0, 0, -1), (-0, 0, -1), (-0, 0, -1), (-0, 0, -1), (-0, 0, -1), (-0, 0, -1), (-0, 0, -1), (-0, 0, -1), (-0, 0, -1), (-0, 0, -1), (-0, -0, -1), (-0, -0, -1), (-0, -0, -1), (0, 0, -1), (0, 0, -1), (0, 0, -1), (0, 0, -1), (0, 0, -1), (0, 0, -1), (0, 0, -1), (0, 0, -1), (0, 0, -1), (0, 0, -1), (0, 0, -1), (0, 0, -1), (0, 0, -1), (0, 0, -1), (0, 0, -1), (-0, 0, -1), (-0, 0, -1), (-0, 0, -1), (-0, 0, -1), (-0, 0, -1), (-0, 0, -1), (-0, 0, -1), (-0, 0, -1), (-0, 0, -1), (-0, 0, -1), (-0, 0, -1), (-0, 0, -1), (0, 0, -1), (0, 0, -1), (0, 0, -1), (-0, 0, -1), (-0, 0, -1), (-0, 0, -1), (-0, 0, -1), (-0, 0, -1), (-0, 0, -1), (0, 0, -1), (0, 0, -1), (0, 0, -1), (0, 0, -1), (0, 0, -1), (0, 0, -1), (0, 0, -1), (0, 0, -1), (0, 0, -1), (0, 0, -1), (0, 0, -1), (0, 0, -1), (-0, 0, -1), (-0, 0, -1), (-0, 0, -1), (-0, 0, -1), (-0, 0, -1), (-0, 0, -1), (-0, 0, -1), (-0, 0, -1), (-0, 0, -1), (0, 0, -1), (0, 0, -1), (0, 0, -1), (0, 0, -1), (0, 0, -1), (0, 0, -1), (0, 0, -1), (0, 0, -1), (0, 0, -1), (0, 0, -1), (0, 0, -1), (0, 0, -1), (-0, 0, -1), (-0, 0, -1), (-0, 0, -1), (-0, 0, -1), (-0, 0, -1), (-0, 0, -1), (-0, 0, -1), (-0, 0, -1), (-0, 0, -1), (0, 0, -1), (0, 0, -1), (0, 0, -1), (0, 0, -1), (0, 0, -1), (0, 0, -1), (-0, 0, -1), (-0, 0, -1), (-0, 0, -1), (0, 0, -1), (0, 0, -1), (0, 0, -1), (0, 0, -1), (0, 0, -1), (0, 0, -1), (0, 0, -1), (0, 0, -1), (0, 0, -1), (0, 0, -1), (0, 0, -1), (0, 0, -1), (0, 0, -1), (0, 0, -1), (0, 0, -1), (0, 0, -1), (0, 0, -1), (0, 0, -1), (-0, 0, -1), (-0, 0, -1), (-0, 0, -1), (-0, 0, -1), (-0, 0, -1), (-0, 0, -1), (-0, 0, -1), (-0, 0, -1), (-0, 0, -1), (-0, 0, -1), (-0, 0, -1), (-0, 0, -1), (-0, 0, -1), (-0, 0, -1), (-0, 0, -1), (0, 0, -1), (0, 0, -1), (0, 0, -1), (-0, 0, -1), (-0, 0, -1), (-0, 0, -1), (-0, 0, -1), (-0, 0, -1), (-0, 0, -1), (0, 0, -1), (0, 0, -1), (0, 0, -1), (0, 0, -1), (0, 0, -1), (0, 0, -1), (-0, 0, -1), (-0, 0, -1), (-0, 0, -1), (0, 0, -1), (0, 0, -1), (0, 0, -1), (0, 0, -1), (0, 0, -1), (0, 0, -1), (-0, 0, -1), (-0, 0, -1), (-0, 0, -1), (0, -0, -1), (0, -0, -1), (0, -0, -1), (0, 0, -1), (0, 0, -1), (0, 0, -1), (-0, 0, -1), (-0, 0, -1), (-0, 0, -1), (0, 0, -1), (0, 0, -1), (0, 0, -1), (0, 0, -1), (0, 0, -1), (0, 0, -1), (0, 0, -1), (0, 0, -1), (0, 0, -1), (0, 0, -1), (0, 0, -1), (0, 0, -1), (0, 0, -1), (0, 0, -1), (0, 0, -1), (0, 0, -1), (0, 0, -1), (0, 0, -1), (0, 0, -1), (0, 0, -1), (0, 0, -1), (0, 0, -1), (0, 0, -1), (0, 0, -1), (0, 0, -1), (0, 0, -1), (0, 0, -1), (0, 0, -1), (0, 0, -1), (0, 0, -1), (0, 0, -1), (0, 0, -1), (0, 0, -1), (0, -0, -1), (0, -0, -1), (0, -0, -1), (0, 0, -1), (0, 0, -1), (0, 0, -1), (0, 0, -1), (0, 0, -1), (0, 0, -1), (0, 0, -1), (0, 0, -1), (0, 0, -1), (0, 0, -1), (0, 0, -1), (0, 0, -1), (0, 0, -1), (0, 0, -1), (0, 0, -1), (0, 0, -1), (0, 0, -1), (0, 0, -1), (0, 0, -1), (0, 0, -1), (0, 0, -1), (0, 0, -1), (0, 0, -1), (0, 0, -1), (0, 0, -1), (0, 0, -1), (0, 0, -1), (0, 0, -1), (0, 0, -1), (0, 0, -1), (0, 0, -1), (0, 0, -1), (0, 0, -1), (0, 0, -1), (0, 0, -1), (0, 0, -1), (0, 0, -1), (0, 0, -1), (0, 0, -1), (0, 0, -1), (0, 0, -1), (0, 0, -1), (0, 0, -1), (0, 0, -1), (0, 0, -1), (0, 0, -1), (0, 0, -1), (0, 0, -1), (0, 0, -1), (0, 0, -1), (0, 0, -1), (0, 0, -1), (0, 0, -1), (0, 0, -1), (0, 0, -1), (0, 0, -1), (0, 0, -1), (0, 0, -1), (0, 0, -1), (0, 0, -1), (0, 0, -1), (0, 0, -1), (0, 0, -1), (0, 0, -1), (0, 0, -1), (0, 0, -1), (0, 0, -1), (0, 0, -1), (0, 0, -1), (0, 0, -1), (0, 0, -1), (0, 0, -1), (0, 0, -1), (0, 0, -1), (0, 0, -1), (0, 0, -1), (0, 0, -1), (0, 0, -1), (0, 0, -1), (0, 0, -1), (0, 0, -1), (0, 0, -1), (0, 0, -1), (0, 0, -1), (0, 0, -1), (0, 0, -1), (0, 0, -1), (0, 0, -1), (0, 0, -1), (0, 0, -1), (0, 0, -1), (0, 0, -1), (0, 0, -1), (0, 0, -1), (0, 0, -1), (0, 0, -1), (0, 0, -1), (0, 0, -1), (0, 0, -1), (0, 0, -1), (0, 0, -1), (0, 0, -1), (0, 0, -1), (0, 0, -1), (0, 0, -1), (0, 0, -1), (0, 0, -1), (0, 0, -1), (0, 0, -1), (0, 0, -1), (0, 0, -1), (-0, -0, -1), (-0, -0, -1), (-0, -0, -1), (0, 0, -1), (0, 0, -1), (0, 0, -1), (0, 0, -1), (0, 0, -1), (0, 0, -1), (0, 0, -1), (0, 0, -1), (0, 0, -1), (0, 0, -1), (0, 0, -1), (0, 0, -1), (0, 0, -1), (0, 0, -1), (0, 0, -1), (0, 0, -1), (0, 0, -1), (0, 0, -1), (-0, -0, -1), (-0, -0, -1), (-0, -0, -1), (0, 0, -1), (0, 0, -1), (0, 0, -1), (0, 0, -1), (0, 0, -1), (0, 0, -1), (0, 0, -1), (0, 0, -1), (0, 0, -1), (-0, -0, -1), (-0, -0, -1), (-0, -0, -1)] (
                interpolation = "faceVarying"
            )
            uniform token orientation = "rightHanded"
            point3f[] points = [(0.031085063, 0.00077521306, 0.16942799), (0.031094726, -7.6160115e-18, 0.16942799), (0.031094726, -7.6160115e-18, 0), (0.031085063, 0.00077521306, 0), (0.031056073, 0.0015499442, 0.16942799), (0.031056073, 0.0015499442, 0), (0.031007778, 0.0023237118, 0), (0.031007778, 0.0023237118, 0.16942799), (0.03094021, 0.003096035, 0.16942799), (0.03094021, 0.003096035, 0), (0.030853407, 0.0038664334, 0), (0.030853407, 0.0038664334, 0.16942799), (0.030747423, 0.0046344283, 0), (0.030747423, 0.0046344283, 0.16942799), (0.030622328, 0.0053995424, 0.16942799), (0.030622328, 0.0053995424, 0), (0.030478194, 0.0061613, 0.16942799), (0.030478194, 0.0061613, 0), (0.030315116, 0.0069192275, 0.16942799), (0.030315116, 0.0069192275, 0), (0.030133191, 0.007672854, 0), (0.030133191, 0.007672854, 0.16942799), (0.029932536, 0.00842171, 0), (0.029932536, 0.00842171, 0.16942799), (0.029713275, 0.009165332, 0.16942799), (0.029713275, 0.009165332, 0), (0.029475542, 0.009903256, 0), (0.029475542, 0.009903256, 0.16942799), (0.029219484, 0.010635023, 0.16942799), (0.029219484, 0.010635023, 0), (0.028945265, 0.011360179, 0), (0.028945265, 0.011360179, 0.16942799), (0.028653052, 0.012078274, 0.16942799), (0.028653052, 0.012078274, 0), (0.028343026, 0.01278886, 0), (0.028343026, 0.01278886, 0.16942799), (0.02801538, 0.013491496, 0.16942799), (0.02801538, 0.013491496, 0), (0.02767032, 0.014185745, 0), (0.02767032, 0.014185745, 0.16942799), (0.02730806, 0.014871176, 0.16942799), (0.02730806, 0.014871176, 0), (0.026928823, 0.015547363, 0.16942799), (0.026928823, 0.015547363, 0), (0.026532846, 0.016213885, 0.16942799), (0.026532846, 0.016213885, 0), (0.026120376, 0.016870327, 0.16942799), (0.026120376, 0.016870327, 0), (0.025691668, 0.017516283, 0.16942799), (0.025691668, 0.017516283, 0), (0.02524699, 0.01815135, 0.16942799), (0.02524699, 0.01815135, 0), (0.024786618, 0.018775133, 0.16942799), (0.024786618, 0.018775133, 0), (0.024310837, 0.019387245, 0.16942799), (0.024310837, 0.019387245, 0), (0.023819942, 0.019987304, 0), (0.023819942, 0.019987304, 0.16942799), (0.023314241, 0.02057494, 0), (0.023314241, 0.02057494, 0.16942799), (0.022794046, 0.021149786, 0), (0.022794046, 0.021149786, 0.16942799), (0.022259684, 0.021711484, 0.16942799), (0.022259684, 0.021711484, 0), (0.021711484, 0.022259684, 0.16942799), (0.021711484, 0.022259684, 0), (0.021149786, 0.022794046, 0.16942799), (0.021149786, 0.022794046, 0), (0.02057494, 0.023314241, 0.16942799), (0.02057494, 0.023314241, 0), (0.019987304, 0.023819942, 0.16942799), (0.019987304, 0.023819942, 0), (0.019387245, 0.024310837, 0), (0.019387245, 0.024310837, 0.16942799), (0.018775133, 0.024786618, 0.16942799), (0.018775133, 0.024786618, 0), (0.01815135, 0.02524699, 0), (0.01815135, 0.02524699, 0.16942799), (0.017516283, 0.025691668, 0), (0.017516283, 0.025691668, 0.16942799), (0.016870327, 0.026120376, 0.16942799), (0.016870327, 0.026120376, 0), (0.016213885, 0.026532846, 0.16942799), (0.016213885, 0.026532846, 0), (0.015547363, 0.026928823, 0.16942799), (0.015547363, 0.026928823, 0), (0.014871176, 0.02730806, 0.16942799), (0.014871176, 0.02730806, 0), (0.014185745, 0.02767032, 0.16942799), (0.014185745, 0.02767032, 0), (0.013491496, 0.02801538, 0.16942799), (0.013491496, 0.02801538, 0), (0.01278886, 0.028343026, 0), (0.01278886, 0.028343026, 0.16942799), (0.012078274, 0.028653052, 0.16942799), (0.012078274, 0.028653052, 0), (0.011360179, 0.028945265, 0.16942799), (0.011360179, 0.028945265, 0), (0.010635023, 0.029219484, 0), (0.010635023, 0.029219484, 0.16942799), (0.009903256, 0.029475542, 0.16942799), (0.009903256, 0.029475542, 0), (0.009165332, 0.029713275, 0), (0.009165332, 0.029713275, 0.16942799), (0.00842171, 0.029932536, 0), (0.00842171, 0.029932536, 0.16942799), (0.007672854, 0.030133191, 0.16942799), (0.007672854, 0.030133191, 0), (0.0069192275, 0.030315116, 0), (0.0069192275, 0.030315116, 0.16942799), (0.0061613, 0.030478194, 0), (0.0061613, 0.030478194, 0.16942799), (0.0053995424, 0.030622328, 0.16942799), (0.0053995424, 0.030622328, 0), (0.0046344283, 0.030747423, 0.16942799), (0.0046344283, 0.030747423, 0), (0.0038664334, 0.030853407, 0.16942799), (0.0038664334, 0.030853407, 0), (0.003096035, 0.03094021, 0.16942799), (0.003096035, 0.03094021, 0), (0.0023237118, 0.031007778, 0.16942799), (0.0023237118, 0.031007778, 0), (0.0015499442, 0.031056073, 0.16942799), (0.0015499442, 0.031056073, 0), (0.00077521306, 0.031085063, 0.16942799), (0.00077521306, 0.031085063, 0), (-5.3331325e-17, 0.031094726, 0.16942799), (-5.3331325e-17, 0.031094726, 0), (-0.00077521306, 0.031085063, 0.16942799), (-0.00077521306, 0.031085063, 0), (-0.0015499442, 0.031056073, 0.16942799), (-0.0015499442, 0.031056073, 0), (-0.0023237118, 0.031007778, 0.16942799), (-0.0023237118, 0.031007778, 0), (-0.003096035, 0.03094021, 0.16942799), (-0.003096035, 0.03094021, 0), (-0.0038664334, 0.030853407, 0.16942799), (-0.0038664334, 0.030853407, 0), (-0.0046344283, 0.030747423, 0.16942799), (-0.0046344283, 0.030747423, 0), (-0.0053995424, 0.030622328, 0.16942799), (-0.0053995424, 0.030622328, 0), (-0.0061613, 0.030478194, 0.16942799), (-0.0061613, 0.030478194, 0), (-0.0069192275, 0.030315116, 0.16942799), (-0.0069192275, 0.030315116, 0), (-0.007672854, 0.030133191, 0.16942799), (-0.007672854, 0.030133191, 0), (-0.00842171, 0.029932536, 0.16942799), (-0.00842171, 0.029932536, 0), (-0.009165332, 0.029713275, 0), (-0.009165332, 0.029713275, 0.16942799), (-0.009903256, 0.029475542, 0.16942799), (-0.009903256, 0.029475542, 0), (-0.010635023, 0.029219484, 0), (-0.010635023, 0.029219484, 0.16942799), (-0.011360179, 0.028945265, 0.16942799), (-0.011360179, 0.028945265, 0), (-0.012078274, 0.028653052, 0), (-0.012078274, 0.028653052, 0.16942799), (-0.01278886, 0.028343026, 0.16942799), (-0.01278886, 0.028343026, 0), (-0.013491496, 0.02801538, 0.16942799), (-0.013491496, 0.02801538, 0), (-0.014185745, 0.02767032, 0.16942799), (-0.014185745, 0.02767032, 0), (-0.014871176, 0.02730806, 0), (-0.014871176, 0.02730806, 0.16942799), (-0.015547363, 0.026928823, 0.16942799), (-0.015547363, 0.026928823, 0), (-0.016213885, 0.026532846, 0.16942799), (-0.016213885, 0.026532846, 0), (-0.016870327, 0.026120376, 0), (-0.016870327, 0.026120376, 0.16942799), (-0.017516283, 0.025691668, 0.16942799), (-0.017516283, 0.025691668, 0), (-0.01815135, 0.02524699, 0.16942799), (-0.01815135, 0.02524699, 0), (-0.018775133, 0.024786618, 0.16942799), (-0.018775133, 0.024786618, 0), (-0.019387245, 0.024310837, 0.16942799), (-0.019387245, 0.024310837, 0), (-0.019987304, 0.023819942, 0.16942799), (-0.019987304, 0.023819942, 0), (-0.02057494, 0.023314241, 0), (-0.02057494, 0.023314241, 0.16942799), (-0.021149786, 0.022794046, 0.16942799), (-0.021149786, 0.022794046, 0), (-0.021711484, 0.022259684, 0.16942799), (-0.021711484, 0.022259684, 0), (-0.022259684, 0.021711484, 0.16942799), (-0.022259684, 0.021711484, 0), (-0.022794046, 0.021149786, 0), (-0.022794046, 0.021149786, 0.16942799), (-0.023314241, 0.02057494, 0.16942799), (-0.023314241, 0.02057494, 0), (-0.023819942, 0.019987304, 0.16942799), (-0.023819942, 0.019987304, 0), (-0.024310837, 0.019387245, 0.16942799), (-0.024310837, 0.019387245, 0), (-0.024786618, 0.018775133, 0), (-0.024786618, 0.018775133, 0.16942799), (-0.02524699, 0.01815135, 0.16942799), (-0.02524699, 0.01815135, 0), (-0.025691668, 0.017516283, 0.16942799), (-0.025691668, 0.017516283, 0), (-0.026120376, 0.016870327, 0.16942799), (-0.026120376, 0.016870327, 0), (-0.026532846, 0.016213885, 0.16942799), (-0.026532846, 0.016213885, 0), (-0.026928823, 0.015547363, 0.16942799), (-0.026928823, 0.015547363, 0), (-0.02730806, 0.014871176, 0.16942799), (-0.02730806, 0.014871176, 0), (-0.02767032, 0.014185745, 0.16942799), (-0.02767032, 0.014185745, 0), (-0.02801538, 0.013491496, 0.16942799), (-0.02801538, 0.013491496, 0), (-0.028343026, 0.01278886, 0.16942799), (-0.028343026, 0.01278886, 0), (-0.028653052, 0.012078274, 0), (-0.028653052, 0.012078274, 0.16942799), (-0.028945265, 0.011360179, 0.16942799), (-0.028945265, 0.011360179, 0), (-0.029219484, 0.010635023, 0), (-0.029219484, 0.010635023, 0.16942799), (-0.029475542, 0.009903256, 0.16942799), (-0.029475542, 0.009903256, 0), (-0.029713275, 0.009165332, 0.16942799), (-0.029713275, 0.009165332, 0), (-0.029932536, 0.00842171, 0), (-0.029932536, 0.00842171, 0.16942799), (-0.030133191, 0.007672854, 0.16942799), (-0.030133191, 0.007672854, 0), (-0.030315116, 0.0069192275, 0.16942799), (-0.030315116, 0.0069192275, 0), (-0.030478194, 0.0061613, 0.16942799), (-0.030478194, 0.0061613, 0), (-0.030622328, 0.0053995424, 0), (-0.030622328, 0.0053995424, 0.16942799), (-0.030747423, 0.0046344283, 0.16942799), (-0.030747423, 0.0046344283, 0), (-0.030853407, 0.0038664334, 0.16942799), (-0.030853407, 0.0038664334, 0), (-0.03094021, 0.003096035, 0), (-0.03094021, 0.003096035, 0.16942799), (-0.031007778, 0.0023237118, 0), (-0.031007778, 0.0023237118, 0.16942799), (-0.031056073, 0.0015499442, 0.16942799), (-0.031056073, 0.0015499442, 0), (-0.031085063, 0.00077521306, 0), (-0.031085063, 0.00077521306, 0.16942799), (-0.031094726, -2.4475096e-16, 0.16942799), (-0.031094726, -2.4475096e-16, 0), (-0.031085063, -0.00077521306, 0.16942799), (-0.031085063, -0.00077521306, 0), (-0.031056073, -0.0015499442, 0), (-0.031056073, -0.0015499442, 0.16942799), (-0.031007778, -0.0023237118, 0.16942799), (-0.031007778, -0.0023237118, 0), (-0.03094021, -0.003096035, 0.16942799), (-0.03094021, -0.003096035, 0), (-0.030853407, -0.0038664334, 0.16942799), (-0.030853407, -0.0038664334, 0), (-0.030747423, -0.0046344283, 0), (-0.030747423, -0.0046344283, 0.16942799), (-0.030622328, -0.0053995424, 0), (-0.030622328, -0.0053995424, 0.16942799), (-0.030478194, -0.0061613, 0), (-0.030478194, -0.0061613, 0.16942799), (-0.030315116, -0.0069192275, 0), (-0.030315116, -0.0069192275, 0.16942799), (-0.030133191, -0.007672854, 0), (-0.030133191, -0.007672854, 0.16942799), (-0.029932536, -0.00842171, 0.16942799), (-0.029932536, -0.00842171, 0), (-0.029713275, -0.009165332, 0), (-0.029713275, -0.009165332, 0.16942799), (-0.029475542, -0.009903256, 0.16942799), (-0.029475542, -0.009903256, 0), (-0.029219484, -0.010635023, 0.16942799), (-0.029219484, -0.010635023, 0), (-0.028945265, -0.011360179, 0.16942799), (-0.028945265, -0.011360179, 0), (-0.028653052, -0.012078274, 0), (-0.028653052, -0.012078274, 0.16942799), (-0.028343026, -0.01278886, 0), (-0.028343026, -0.01278886, 0.16942799), (-0.02801538, -0.013491496, 0.16942799), (-0.02801538, -0.013491496, 0), (-0.02767032, -0.014185745, 0), (-0.02767032, -0.014185745, 0.16942799), (-0.02730806, -0.014871176, 0.16942799), (-0.02730806, -0.014871176, 0), (-0.026928823, -0.015547363, 0.16942799), (-0.026928823, -0.015547363, 0), (-0.026532846, -0.016213885, 0), (-0.026532846, -0.016213885, 0.16942799), (-0.026120376, -0.016870327, 0), (-0.026120376, -0.016870327, 0.16942799), (-0.025691668, -0.017516283, 0.16942799), (-0.025691668, -0.017516283, 0), (-0.02524699, -0.01815135, 0), (-0.02524699, -0.01815135, 0.16942799), (-0.024786618, -0.018775133, 0.16942799), (-0.024786618, -0.018775133, 0), (-0.024310837, -0.019387245, 0.16942799), (-0.024310837, -0.019387245, 0), (-0.023819942, -0.019987304, 0.16942799), (-0.023819942, -0.019987304, 0), (-0.023314241, -0.02057494, 0.16942799), (-0.023314241, -0.02057494, 0), (-0.022794046, -0.021149786, 0.16942799), (-0.022794046, -0.021149786, 0), (-0.022259684, -0.021711484, 0.16942799), (-0.022259684, -0.021711484, 0), (-0.021711484, -0.022259684, 0), (-0.021711484, -0.022259684, 0.16942799), (-0.021149786, -0.022794046, 0.16942799), (-0.021149786, -0.022794046, 0), (-0.02057494, -0.023314241, 0), (-0.02057494, -0.023314241, 0.16942799), (-0.019987304, -0.023819942, 0.16942799), (-0.019987304, -0.023819942, 0), (-0.019387245, -0.024310837, 0.16942799), (-0.019387245, -0.024310837, 0), (-0.018775133, -0.024786618, 0), (-0.018775133, -0.024786618, 0.16942799), (-0.01815135, -0.02524699, 0.16942799), (-0.01815135, -0.02524699, 0), (-0.017516283, -0.025691668, 0.16942799), (-0.017516283, -0.025691668, 0), (-0.016870327, -0.026120376, 0), (-0.016870327, -0.026120376, 0.16942799), (-0.016213885, -0.026532846, 0.16942799), (-0.016213885, -0.026532846, 0), (-0.015547363, -0.026928823, 0.16942799), (-0.015547363, -0.026928823, 0), (-0.014871176, -0.02730806, 0.16942799), (-0.014871176, -0.02730806, 0), (-0.014185745, -0.02767032, 0.16942799), (-0.014185745, -0.02767032, 0), (-0.013491496, -0.02801538, 0.16942799), (-0.013491496, -0.02801538, 0), (-0.01278886, -0.028343026, 0.16942799), (-0.01278886, -0.028343026, 0), (-0.012078274, -0.028653052, 0.16942799), (-0.012078274, -0.028653052, 0), (-0.011360179, -0.028945265, 0.16942799), (-0.011360179, -0.028945265, 0), (-0.010635023, -0.029219484, 0.16942799), (-0.010635023, -0.029219484, 0), (-0.009903256, -0.029475542, 0.16942799), (-0.009903256, -0.029475542, 0), (-0.009165332, -0.029713275, 0), (-0.009165332, -0.029713275, 0.16942799), (-0.00842171, -0.029932536, 0.16942799), (-0.00842171, -0.029932536, 0), (-0.007672854, -0.030133191, 0.16942799), (-0.007672854, -0.030133191, 0), (-0.0069192275, -0.030315116, 0.16942799), (-0.0069192275, -0.030315116, 0), (-0.0061613, -0.030478194, 0.16942799), (-0.0061613, -0.030478194, 0), (-0.0053995424, -0.030622328, 0.16942799), (-0.0053995424, -0.030622328, 0), (-0.0046344283, -0.030747423, 0.16942799), (-0.0046344283, -0.030747423, 0), (-0.0038664334, -0.030853407, 0), (-0.0038664334, -0.030853407, 0.16942799), (-0.003096035, -0.03094021, 0.16942799), (-0.003096035, -0.03094021, 0), (-0.0023237118, -0.031007778, 0.16942799), (-0.0023237118, -0.031007778, 0), (-0.0015499442, -0.031056073, 0.16942799), (-0.0015499442, -0.031056073, 0), (-0.00077521306, -0.031085063, 0), (-0.00077521306, -0.031085063, 0.16942799), (4.3617064e-16, -0.031094726, 0), (4.3617064e-16, -0.031094726, 0.16942799), (0.00077521306, -0.031085063, 0.16942799), (0.00077521306, -0.031085063, 0), (0.0015499442, -0.031056073, 0.16942799), (0.0015499442, -0.031056073, 0), (0.0023237118, -0.031007778, 0.16942799), (0.0023237118, -0.031007778, 0), (0.003096035, -0.03094021, 0.16942799), (0.003096035, -0.03094021, 0), (0.0038664334, -0.030853407, 0), (0.0038664334, -0.030853407, 0.16942799), (0.0046344283, -0.030747423, 0.16942799), (0.0046344283, -0.030747423, 0), (0.0053995424, -0.030622328, 0), (0.0053995424, -0.030622328, 0.16942799), (0.0061613, -0.030478194, 0), (0.0061613, -0.030478194, 0.16942799), (0.0069192275, -0.030315116, 0.16942799), (0.0069192275, -0.030315116, 0), (0.007672854, -0.030133191, 0.16942799), (0.007672854, -0.030133191, 0), (0.00842171, -0.029932536, 0.16942799), (0.00842171, -0.029932536, 0), (0.009165332, -0.029713275, 0.16942799), (0.009165332, -0.029713275, 0), (0.009903256, -0.029475542, 0), (0.009903256, -0.029475542, 0.16942799), (0.010635023, -0.029219484, 0), (0.010635023, -0.029219484, 0.16942799), (0.011360179, -0.028945265, 0.16942799), (0.011360179, -0.028945265, 0), (0.012078274, -0.028653052, 0.16942799), (0.012078274, -0.028653052, 0), (0.01278886, -0.028343026, 0.16942799), (0.01278886, -0.028343026, 0), (0.013491496, -0.02801538, 0.16942799), (0.013491496, -0.02801538, 0), (0.014185745, -0.02767032, 0.16942799), (0.014185745, -0.02767032, 0), (0.014871176, -0.02730806, 0.16942799), (0.014871176, -0.02730806, 0), (0.015547363, -0.026928823, 0.16942799), (0.015547363, -0.026928823, 0), (0.016213885, -0.026532846, 0.16942799), (0.016213885, -0.026532846, 0), (0.016870327, -0.026120376, 0.16942799), (0.016870327, -0.026120376, 0), (0.017516283, -0.025691668, 0.16942799), (0.017516283, -0.025691668, 0), (0.01815135, -0.02524699, 0), (0.01815135, -0.02524699, 0.16942799), (0.018775133, -0.024786618, 0.16942799), (0.018775133, -0.024786618, 0), (0.019387245, -0.024310837, 0.16942799), (0.019387245, -0.024310837, 0), (0.019987304, -0.023819942, 0), (0.019987304, -0.023819942, 0.16942799), (0.02057494, -0.023314241, 0.16942799), (0.02057494, -0.023314241, 0), (0.021149786, -0.022794046, 0.16942799), (0.021149786, -0.022794046, 0), (0.021711484, -0.022259684, 0.16942799), (0.021711484, -0.022259684, 0), (0.022259684, -0.021711484, 0.16942799), (0.022259684, -0.021711484, 0), (0.022794046, -0.021149786, 0.16942799), (0.022794046, -0.021149786, 0), (0.023314241, -0.02057494, 0), (0.023314241, -0.02057494, 0.16942799), (0.023819942, -0.019987304, 0.16942799), (0.023819942, -0.019987304, 0), (0.024310837, -0.019387245, 0.16942799), (0.024310837, -0.019387245, 0), (0.024786618, -0.018775133, 0), (0.024786618, -0.018775133, 0.16942799), (0.02524699, -0.01815135, 0.16942799), (0.02524699, -0.01815135, 0), (0.025691668, -0.017516283, 0), (0.025691668, -0.017516283, 0.16942799), (0.026120376, -0.016870327, 0.16942799), (0.026120376, -0.016870327, 0), (0.026532846, -0.016213885, 0.16942799), (0.026532846, -0.016213885, 0), (0.026928823, -0.015547363, 0.16942799), (0.026928823, -0.015547363, 0), (0.02730806, -0.014871176, 0.16942799), (0.02730806, -0.014871176, 0), (0.02767032, -0.014185745, 0.16942799), (0.02767032, -0.014185745, 0), (0.02801538, -0.013491496, 0), (0.02801538, -0.013491496, 0.16942799), (0.028343026, -0.01278886, 0.16942799), (0.028343026, -0.01278886, 0), (0.028653052, -0.012078274, 0), (0.028653052, -0.012078274, 0.16942799), (0.028945265, -0.011360179, 0.16942799), (0.028945265, -0.011360179, 0), (0.029219484, -0.010635023, 0.16942799), (0.029219484, -0.010635023, 0), (0.029475542, -0.009903256, 0.16942799), (0.029475542, -0.009903256, 0), (0.029713275, -0.009165332, 0.16942799), (0.029713275, -0.009165332, 0), (0.029932536, -0.00842171, 0.16942799), (0.029932536, -0.00842171, 0), (0.030133191, -0.007672854, 0.16942799), (0.030133191, -0.007672854, 0), (0.030315116, -0.0069192275, 0.16942799), (0.030315116, -0.0069192275, 0), (0.030478194, -0.0061613, 0.16942799), (0.030478194, -0.0061613, 0), (0.030622328, -0.0053995424, 0.16942799), (0.030622328, -0.0053995424, 0), (0.030747423, -0.0046344283, 0.16942799), (0.030747423, -0.0046344283, 0), (0.030853407, -0.0038664334, 0), (0.030853407, -0.0038664334, 0.16942799), (0.03094021, -0.003096035, 0.16942799), (0.03094021, -0.003096035, 0), (0.031007778, -0.0023237118, 0.16942799), (0.031007778, -0.0023237118, 0), (0.031056073, -0.0015499442, 0.16942799), (0.031056073, -0.0015499442, 0), (0.031085063, -0.00077521306, 0), (0.031085063, -0.00077521306, 0.16942799)]
            color3f[] primvars:displayColor = [(0.08, 0.7, 0.3)]
            uniform token purpose = "render"
            uniform token subdivisionScheme = "none"
        }
    }

    def Scope "colliders"
    {
        def Mesh "body_collider" (
            prepend apiSchemas = ["PhysicsCollisionAPI", "PhysicsMeshCollisionAPI", "MaterialBindingAPI"]
        )
        {
            float3[] extent = [(-0.031094726, -0.031094726, 0), (0.031094726, 0.031094726, 0.16942799)]
            int[] faceVertexCounts = [3, 3, 3, 3, 3, 3, 3, 3, 3, 3, 3, 3, 3, 3, 3, 3, 3, 3, 3, 3, 3, 3, 3, 3, 3, 3, 3, 3, 3, 3, 3, 3, 3, 3, 3, 3, 3, 3, 3, 3, 3, 3, 3, 3, 3, 3, 3, 3, 3, 3, 3, 3, 3, 3, 3, 3, 3, 3, 3, 3, 3, 3, 3, 3, 3, 3, 3, 3, 3, 3, 3, 3, 3, 3, 3, 3, 3, 3, 3, 3, 3, 3, 3, 3, 3, 3, 3, 3, 3, 3, 3, 3, 3, 3, 3, 3, 3, 3, 3, 3, 3, 3, 3, 3, 3, 3, 3, 3, 3, 3, 3, 3, 3, 3, 3, 3, 3, 3, 3, 3, 3, 3, 3, 3, 3, 3, 3, 3, 3, 3, 3, 3, 3, 3, 3, 3, 3, 3, 3, 3, 3, 3, 3, 3, 3, 3, 3, 3, 3, 3, 3, 3, 3, 3, 3, 3, 3, 3, 3, 3, 3, 3, 3, 3, 3, 3, 3, 3, 3, 3, 3, 3, 3, 3, 3, 3, 3, 3, 3, 3, 3, 3, 3, 3, 3, 3, 3, 3, 3, 3, 3, 3, 3, 3, 3, 3, 3, 3, 3, 3, 3, 3, 3, 3, 3, 3, 3, 3, 3, 3, 3, 3, 3, 3, 3, 3, 3, 3, 3, 3, 3, 3, 3, 3, 3, 3, 3, 3, 3, 3, 3, 3, 3, 3, 3, 3, 3, 3, 3, 3, 3, 3, 3, 3, 3, 3, 3, 3, 3, 3, 3, 3, 3, 3, 3, 3, 3, 3, 3, 3, 3, 3, 3, 3, 3, 3, 3, 3, 3, 3, 3, 3, 3, 3, 3, 3, 3, 3, 3, 3, 3, 3, 3, 3, 3, 3, 3, 3, 3, 3, 3, 3, 3, 3, 3, 3, 3, 3, 3, 3, 3, 3, 3, 3, 3, 3, 3, 3, 3, 3, 3, 3, 3, 3, 3, 3, 3, 3, 3, 3, 3, 3, 3, 3, 3, 3, 3, 3, 3, 3, 3, 3, 3, 3, 3, 3, 3, 3, 3, 3, 3, 3, 3, 3, 3, 3, 3, 3, 3, 3, 3, 3, 3, 3, 3, 3, 3, 3, 3, 3, 3, 3, 3, 3, 3, 3, 3, 3, 3, 3, 3, 3, 3, 3, 3, 3, 3, 3, 3, 3, 3, 3, 3, 3, 3, 3, 3, 3, 3, 3, 3, 3, 3, 3, 3, 3, 3, 3, 3, 3, 3, 3, 3, 3, 3, 3, 3, 3, 3, 3, 3, 3, 3, 3, 3, 3, 3, 3, 3, 3, 3, 3, 3, 3, 3, 3, 3, 3, 3, 3, 3, 3, 3, 3, 3, 3, 3, 3, 3, 3, 3, 3, 3, 3, 3, 3, 3, 3, 3, 3, 3, 3, 3, 3, 3, 3, 3, 3, 3, 3, 3, 3, 3, 3, 3, 3, 3, 3, 3, 3, 3, 3, 3, 3, 3, 3, 3, 3, 3, 3, 3, 3, 3, 3, 3, 3, 3, 3, 3, 3, 3, 3, 3, 3, 3, 3, 3, 3, 3, 3, 3, 3, 3, 3, 3, 3, 3, 3, 3, 3, 3, 3, 3, 3, 3, 3, 3, 3, 3, 3, 3, 3, 3, 3, 3, 3, 3, 3, 3, 3, 3, 3, 3, 3, 3, 3, 3, 3, 3, 3, 3, 3, 3, 3, 3, 3, 3, 3, 3, 3, 3, 3, 3, 3, 3, 3, 3, 3, 3, 3, 3, 3, 3, 3, 3, 3, 3, 3, 3, 3, 3, 3, 3, 3, 3, 3, 3, 3, 3, 3, 3, 3, 3, 3, 3, 3, 3, 3, 3, 3, 3, 3, 3, 3, 3, 3, 3, 3, 3, 3, 3, 3, 3, 3, 3, 3, 3, 3, 3, 3, 3, 3, 3, 3, 3, 3, 3, 3, 3, 3, 3, 3, 3, 3, 3, 3, 3, 3, 3, 3, 3, 3, 3, 3, 3, 3, 3, 3, 3, 3, 3, 3, 3, 3, 3, 3, 3, 3, 3, 3, 3, 3, 3, 3, 3, 3, 3, 3, 3, 3, 3, 3, 3, 3, 3, 3, 3, 3, 3, 3, 3, 3, 3, 3, 3, 3, 3, 3, 3, 3, 3, 3, 3, 3, 3, 3, 3, 3, 3, 3, 3, 3, 3, 3, 3, 3, 3, 3, 3, 3, 3, 3, 3, 3, 3, 3, 3, 3, 3, 3, 3, 3, 3, 3, 3, 3, 3, 3, 3, 3, 3, 3, 3, 3, 3, 3, 3, 3, 3, 3, 3, 3, 3, 3, 3, 3, 3, 3, 3, 3, 3, 3, 3, 3, 3, 3, 3, 3, 3, 3, 3, 3, 3, 3, 3, 3, 3, 3, 3, 3, 3, 3, 3, 3, 3, 3, 3, 3, 3, 3, 3, 3, 3, 3, 3, 3, 3, 3, 3, 3, 3, 3, 3, 3, 3, 3, 3, 3, 3, 3, 3, 3, 3, 3, 3, 3, 3, 3, 3, 3, 3, 3, 3, 3, 3, 3, 3, 3, 3, 3, 3, 3, 3, 3, 3, 3, 3, 3, 3, 3, 3, 3, 3, 3, 3, 3, 3, 3, 3, 3, 3, 3, 3, 3, 3, 3, 3, 3, 3, 3, 3, 3, 3, 3, 3, 3, 3, 3, 3, 3, 3, 3, 3, 3, 3, 3, 3, 3, 3, 3, 3, 3, 3, 3, 3, 3, 3, 3, 3, 3, 3, 3, 3, 3, 3, 3, 3, 3, 3, 3, 3, 3, 3, 3, 3, 3, 3, 3, 3, 3, 3, 3, 3, 3, 3, 3, 3, 3, 3, 3, 3, 3, 3, 3, 3, 3, 3, 3, 3, 3, 3, 3, 3, 3, 3, 3, 3, 3, 3, 3, 3, 3, 3, 3, 3, 3, 3, 3, 3, 3, 3, 3, 3, 3, 3, 3, 3, 3, 3, 3, 3, 3, 3, 3, 3, 3, 3, 3, 3, 3, 3, 3, 3, 3, 3, 3, 3, 3, 3, 3, 3, 3, 3, 3, 3, 3, 3, 3, 3, 3, 3, 3, 3, 3, 3, 3, 3, 3, 3, 3, 3, 3, 3, 3, 3, 3, 3, 3, 3, 3, 3, 3, 3, 3, 3, 3, 3, 3, 3, 3, 3, 3, 3, 3]
            int[] faceVertexIndices = [0, 1, 2, 0, 2, 3, 4, 0, 3, 4, 3, 5, 4, 5, 6, 7, 4, 6, 8, 7, 6, 8, 6, 9, 8, 9, 10, 11, 8, 10, 11, 10, 12, 13, 11, 12, 14, 13, 12, 14, 12, 15, 16, 14, 15, 16, 15, 17, 18, 16, 17, 18, 17, 19, 18, 19, 20, 21, 18, 20, 21, 20, 22, 23, 21, 22, 24, 23, 22, 24, 22, 25, 24, 25, 26, 27, 24, 26, 28, 27, 26, 28, 26, 29, 28, 29, 30, 31, 28, 30, 32, 30, 33, 32, 33, 34, 32, 31, 30, 35, 32, 34, 36, 34, 37, 36, 37, 38, 36, 35, 34, 39, 36, 38, 40, 38, 41, 40, 39, 38, 42, 41, 43, 42, 40, 41, 44, 43, 45, 44, 42, 43, 46, 45, 47, 46, 44, 45, 48, 47, 49, 48, 46, 47, 50, 48, 49, 50, 49, 51, 52, 50, 51, 52, 51, 53, 54, 52, 53, 54, 53, 55, 54, 55, 56, 57, 54, 56, 57, 56, 58, 59, 57, 58, 59, 58, 60, 61, 59, 60, 62, 61, 60, 62, 60, 63, 64, 62, 63, 64, 63, 65, 66, 64, 65, 66, 65, 67, 68, 66, 67, 68, 67, 69, 70, 68, 69, 70, 69, 71, 70, 71, 72, 73, 70, 72, 74, 73, 72, 74, 72, 75, 74, 75, 76, 77, 74, 76, 77, 76, 78, 79, 77, 78, 80, 79, 78, 80, 78, 81, 82, 80, 81, 82, 81, 83, 84, 82, 83, 84, 83, 85, 86, 84, 85, 86, 85, 87, 88, 86, 87, 88, 87, 89, 90, 88, 89, 90, 89, 91, 90, 91, 92, 93, 90, 92, 94, 93, 92, 94, 92, 95, 96, 95, 97, 96, 94, 95, 96, 97, 98, 99, 96, 98, 100, 98, 101, 100, 101, 102, 100, 99, 98, 103, 102, 104, 103, 100, 102, 105, 103, 104, 106, 104, 107, 106, 107, 108, 106, 105, 104, 109, 108, 110, 109, 106, 108, 111, 109, 110, 112, 110, 113, 112, 111, 110, 114, 113, 115, 114, 112, 113, 116, 115, 117, 116, 114, 115, 118, 117, 119, 118, 116, 117, 120, 119, 121, 120, 118, 119, 122, 121, 123, 122, 120, 121, 124, 123, 125, 124, 122, 123, 126, 125, 127, 126, 124, 125, 128, 127, 129, 128, 126, 127, 130, 129, 131, 130, 128, 129, 132, 131, 133, 132, 130, 131, 134, 133, 135, 134, 132, 133, 136, 135, 137, 136, 134, 135, 138, 137, 139, 138, 136, 137, 140, 139, 141, 140, 138, 139, 142, 141, 143, 142, 140, 141, 144, 143, 145, 144, 142, 143, 146, 145, 147, 146, 144, 145, 148, 147, 149, 148, 149, 150, 148, 146, 147, 151, 148, 150, 152, 151, 150, 152, 150, 153, 152, 153, 154, 155, 152, 154, 156, 155, 154, 156, 154, 157, 156, 157, 158, 159, 156, 158, 160, 159, 158, 160, 158, 161, 162, 160, 161, 162, 161, 163, 164, 162, 163, 164, 163, 165, 164, 165, 166, 167, 164, 166, 168, 166, 169, 168, 167, 166, 170, 169, 171, 170, 171, 172, 170, 168, 169, 173, 170, 172, 174, 172, 175, 174, 173, 172, 176, 175, 177, 176, 174, 175, 178, 177, 179, 178, 176, 177, 180, 179, 181, 180, 178, 179, 182, 181, 183, 182, 183, 184, 182, 180, 181, 185, 182, 184, 186, 184, 187, 186, 185, 184, 188, 187, 189, 188, 186, 187, 190, 189, 191, 190, 191, 192, 190, 188, 189, 193, 190, 192, 194, 192, 195, 194, 193, 192, 196, 195, 197, 196, 194, 195, 198, 197, 199, 198, 199, 200, 198, 196, 197, 201, 198, 200, 202, 201, 200, 202, 200, 203, 204, 202, 203, 204, 203, 205, 206, 204, 205, 206, 205, 207, 208, 206, 207, 208, 207, 209, 210, 208, 209, 210, 209, 211, 212, 210, 211, 212, 211, 213, 214, 212, 213, 214, 213, 215, 216, 214, 215, 216, 215, 217, 218, 216, 217, 218, 217, 219, 218, 219, 220, 221, 218, 220, 222, 221, 220, 222, 220, 223, 222, 223, 224, 225, 222, 224, 226, 225, 224, 226, 224, 227, 228, 226, 227, 228, 227, 229, 228, 229, 230, 231, 228, 230, 232, 231, 230, 232, 230, 233, 234, 233, 235, 234, 232, 233, 236, 235, 237, 236, 237, 238, 236, 234, 235, 239, 236, 238, 240, 238, 241, 240, 239, 238, 242, 241, 243, 242, 243, 244, 242, 240, 241, 245, 244, 246, 245, 242, 244, 247, 245, 246, 248, 246, 249, 248, 249, 250, 248, 247, 246, 251, 248, 250, 252, 251, 250, 252, 250, 253, 254, 252, 253, 254, 253, 255, 254, 255, 256, 257, 254, 256, 258, 257, 256, 258, 256, 259, 260, 258, 259, 260, 259, 261, 262, 260, 261, 262, 261, 263, 262, 263, 264, 265, 262, 264, 265, 264, 266, 267, 265, 266, 267, 266, 268, 269, 267, 268, 269, 268, 270, 271, 269, 270, 271, 270, 272, 273, 271, 272, 274, 273, 272, 274, 272, 275, 274, 275, 276, 277, 274, 276, 278, 277, 276, 278, 276, 279, 280, 278, 279, 280, 279, 281, 282, 280, 281, 282, 281, 283, 282, 283, 284, 285, 282, 284, 285, 284, 286, 287, 285, 286, 288, 287, 286, 288, 286, 289, 288, 289, 290, 291, 288, 290, 292, 291, 290, 292, 290, 293, 294, 292, 293, 294, 293, 295, 294, 295, 296, 297, 294, 296, 297, 296, 298, 299, 297, 298, 300, 301, 302, 300, 299, 298, 300, 298, 301, 303, 300, 302, 304, 303, 302, 304, 302, 305, 306, 305, 307, 306, 304, 305, 308, 307, 309, 308, 306, 307, 310, 309, 311, 310, 308, 309, 312, 311, 313, 312, 310, 311, 314, 313, 315, 314, 315, 316, 314, 312, 313, 317, 314, 316, 318, 316, 319, 318, 319, 320, 318, 317, 316, 321, 318, 320, 322, 320, 323, 322, 321, 320, 324, 323, 325, 324, 325, 326, 324, 322, 323, 327, 324, 326, 328, 326, 329, 328, 327, 326, 330, 329, 331, 330, 331, 332, 330, 328, 329, 333, 330, 332, 334, 332, 335, 334, 333, 332, 336, 335, 337, 336, 334, 335, 338, 337, 339, 338, 336, 337, 340, 339, 341, 340, 338, 339, 342, 341, 343, 342, 340, 341, 344, 343, 345, 344, 342, 343, 346, 345, 347, 346, 344, 345, 348, 347, 349, 348, 346, 347, 350, 349, 351, 350, 348, 349, 352, 350, 351, 352, 351, 353, 352, 353, 354, 355, 352, 354, 356, 355, 354, 356, 354, 357, 358, 356, 357, 358, 357, 359, 360, 358, 359, 360, 359, 361, 362, 360, 361, 362, 361, 363, 364, 362, 363, 364, 363, 365, 366, 365, 367, 366, 364, 365, 366, 367, 368, 369, 366, 368, 370, 368, 371, 370, 369, 368, 372, 371, 373, 372, 370, 371, 374, 373, 375, 374, 375, 376, 374, 372, 373, 377, 376, 378, 377, 374, 376, 379, 377, 378, 380, 378, 381, 380, 379, 378, 382, 381, 383, 382, 380, 381, 384, 383, 385, 384, 382, 383, 386, 385, 387, 386, 387, 388, 386, 384, 385, 389, 386, 388, 390, 388, 391, 390, 391, 392, 390, 389, 388, 393, 392, 394, 393, 390, 392, 395, 393, 394, 396, 394, 397, 396, 395, 394, 398, 397, 399, 398, 396, 397, 400, 399, 401, 400, 398, 399, 402, 400, 401, 402, 401, 403, 402, 403, 404, 405, 402, 404, 405, 404, 406, 407, 405, 406, 408, 407, 406, 408, 406, 409, 410, 408, 409, 410, 409, 411, 412, 410, 411, 412, 411, 413, 414, 412, 413, 414, 413, 415, 416, 414, 415, 416, 415, 417, 418, 416, 417, 418, 417, 419, 420, 418, 419, 420, 419, 421, 422, 420, 421, 422, 421, 423, 424, 422, 423, 424, 423, 425, 426, 424, 425, 426, 425, 427, 426, 427, 428, 429, 426, 428, 430, 429, 428, 430, 428, 431, 432, 430, 431, 432, 431, 433, 432, 433, 434, 435, 432, 434, 436, 435, 434, 436, 434, 437, 438, 437, 439, 438, 436, 437, 440, 439, 441, 440, 438, 439, 442, 441, 443, 442, 440, 441, 444, 443, 445, 444, 445, 446, 444, 442, 443, 447, 444, 446, 448, 446, 449, 448, 447, 446, 450, 449, 451, 450, 451, 452, 450, 448, 449, 453, 450, 452, 454, 453, 452, 454, 452, 455, 454, 455, 456, 457, 454, 456, 458, 457, 456, 458, 456, 459, 460, 458, 459, 460, 459, 461, 462, 460, 461, 462, 461, 463, 464, 462, 463, 464, 463, 465, 466, 464, 465, 466, 465, 467, 466, 467, 468, 469, 466, 468, 470, 469, 468, 470, 468, 471, 470, 471, 472, 473, 470, 472, 474, 473, 472, 474, 472, 475, 476, 474, 475, 476, 475, 477, 478, 476, 477, 478, 477, 479, 480, 478, 479, 480, 479, 481, 482, 480, 481, 482, 481, 483, 484, 482, 483, 484, 483, 485, 486, 484, 485, 486, 485, 487, 488, 486, 487, 488, 487, 489, 490, 488, 489, 490, 489, 491, 492, 490, 491, 492, 491, 493, 492, 493, 494, 495, 492, 494, 496, 495, 494, 496, 494, 497, 498, 496, 497, 498, 497, 499, 500, 499, 501, 500, 498, 499, 500, 501, 502, 503, 502, 2, 503, 500, 502, 1, 503, 2, 318, 314, 317, 321, 312, 314, 321, 314, 318, 306, 308, 310, 324, 321, 322, 324, 312, 321, 328, 304, 306, 328, 310, 312, 328, 324, 327, 328, 312, 324, 328, 306, 310, 299, 300, 303, 297, 303, 304, 297, 299, 303, 334, 328, 330, 334, 330, 333, 334, 304, 328, 338, 334, 336, 291, 292, 294, 288, 291, 294, 288, 294, 297, 285, 288, 297, 285, 287, 288, 285, 297, 304, 285, 304, 334, 348, 334, 338, 348, 338, 340, 348, 340, 342, 348, 342, 344, 348, 344, 346, 278, 280, 282, 352, 348, 350, 277, 278, 282, 277, 282, 285, 356, 352, 355, 273, 285, 334, 273, 277, 285, 273, 274, 277, 358, 348, 352, 358, 352, 356, 271, 334, 348, 271, 273, 334, 364, 348, 358, 364, 358, 360, 364, 360, 362, 265, 267, 269, 265, 269, 271, 366, 348, 364, 372, 366, 369, 372, 369, 370, 257, 258, 260, 257, 260, 262, 257, 262, 265, 257, 265, 271, 374, 366, 372, 377, 271, 348, 377, 348, 366, 377, 366, 374, 252, 254, 257, 251, 252, 257, 251, 257, 271, 380, 377, 379, 382, 271, 377, 382, 377, 380, 247, 248, 251, 245, 247, 251, 242, 245, 251, 390, 384, 386, 390, 386, 389, 393, 384, 390, 393, 382, 384, 234, 236, 239, 234, 239, 240, 234, 240, 242, 396, 393, 395, 232, 234, 242, 400, 393, 396, 400, 396, 398, 228, 382, 393, 228, 232, 242, 228, 231, 232, 228, 251, 271, 228, 271, 382, 228, 242, 251, 402, 393, 400, 407, 402, 405, 407, 393, 402, 222, 225, 226, 221, 222, 226, 221, 226, 228, 410, 407, 408, 410, 228, 393, 410, 393, 407, 410, 221, 228, 214, 216, 218, 214, 218, 221, 422, 412, 414, 422, 414, 416, 422, 416, 418, 422, 418, 420, 204, 206, 208, 204, 410, 412, 204, 208, 210, 204, 210, 212, 204, 212, 214, 204, 221, 410, 204, 214, 221, 429, 422, 424, 429, 424, 426, 429, 412, 422, 198, 201, 202, 432, 429, 430, 435, 429, 432, 194, 196, 198, 193, 194, 198, 440, 202, 204, 440, 435, 436, 440, 436, 438, 440, 204, 412, 440, 412, 429, 440, 429, 435, 188, 190, 193, 186, 188, 193, 185, 186, 193, 182, 185, 193, 450, 440, 442, 450, 442, 444, 450, 444, 447, 450, 447, 448, 450, 202, 440, 178, 182, 193, 178, 202, 450, 178, 198, 202, 178, 180, 182, 178, 193, 198, 453, 178, 450, 176, 178, 453, 460, 453, 454, 460, 454, 457, 460, 457, 458, 464, 460, 462, 464, 453, 460, 164, 167, 168, 164, 168, 170, 164, 170, 173, 164, 173, 174, 466, 453, 464, 160, 164, 174, 160, 162, 164, 473, 469, 470, 474, 466, 469, 474, 453, 466, 474, 469, 473, 152, 155, 156, 152, 156, 159, 152, 159, 160, 478, 474, 476, 480, 453, 474, 480, 474, 478, 482, 453, 480, 144, 146, 148, 144, 148, 151, 144, 151, 152, 488, 482, 484, 488, 484, 486, 492, 176, 453, 492, 488, 490, 492, 160, 174, 492, 152, 160, 492, 453, 482, 492, 174, 176, 492, 482, 488, 136, 138, 140, 136, 140, 142, 136, 142, 144, 136, 144, 152, 134, 136, 152, 498, 495, 496, 130, 132, 134, 130, 134, 152, 500, 495, 498, 500, 492, 495, 126, 128, 130, 1, 492, 500, 1, 500, 503, 124, 126, 130, 0, 492, 1, 122, 124, 130, 120, 130, 152, 120, 122, 130, 114, 116, 118, 13, 8, 11, 111, 114, 118, 111, 112, 114, 16, 13, 14, 16, 8, 13, 21, 0, 4, 21, 4, 7, 21, 7, 8, 21, 16, 18, 21, 492, 0, 21, 8, 16, 105, 111, 118, 105, 106, 109, 105, 109, 111, 23, 492, 21, 103, 118, 120, 103, 105, 118, 28, 23, 24, 28, 24, 27, 31, 23, 28, 94, 96, 99, 94, 99, 100, 94, 100, 103, 93, 120, 152, 93, 103, 120, 93, 94, 103, 39, 31, 32, 39, 32, 35, 39, 35, 36, 39, 23, 31, 86, 88, 90, 86, 90, 93, 86, 93, 152, 84, 86, 152, 44, 40, 42, 46, 40, 44, 48, 40, 46, 48, 39, 40, 48, 23, 39, 79, 84, 152, 79, 80, 82, 79, 82, 84, 50, 23, 48, 77, 79, 152, 73, 74, 77, 70, 73, 77, 59, 54, 57, 68, 152, 492, 68, 77, 152, 68, 492, 23, 68, 70, 77, 61, 50, 52, 61, 52, 54, 61, 54, 59, 64, 68, 23, 64, 23, 50, 64, 66, 68, 62, 50, 61, 62, 64, 50, 319, 316, 315, 320, 315, 313, 320, 319, 315, 307, 311, 309, 325, 323, 320, 325, 320, 313, 329, 307, 305, 329, 313, 311, 329, 326, 325, 329, 325, 313, 329, 311, 307, 298, 302, 301, 296, 305, 302, 296, 302, 298, 335, 331, 329, 335, 332, 331, 335, 329, 305, 339, 337, 335, 290, 295, 293, 289, 295, 290, 289, 296, 295, 284, 296, 289, 284, 289, 286, 284, 305, 296, 284, 335, 305, 349, 339, 335, 349, 341, 339, 349, 343, 341, 349, 345, 343, 349, 347, 345, 279, 283, 281, 353, 351, 349, 276, 283, 279, 276, 284, 283, 357, 354, 353, 272, 335, 284, 272, 284, 276, 272, 276, 275, 359, 353, 349, 359, 357, 353, 270, 349, 335, 270, 335, 272, 365, 359, 349, 365, 361, 359, 365, 363, 361, 264, 268, 266, 264, 270, 268, 367, 365, 349, 373, 368, 367, 373, 371, 368, 256, 261, 259, 256, 263, 261, 256, 264, 263, 256, 270, 264, 375, 373, 367, 376, 349, 270, 376, 367, 349, 376, 375, 367, 253, 256, 255, 250, 256, 253, 250, 270, 256, 381, 378, 376, 383, 376, 270, 383, 381, 376, 246, 250, 249, 244, 250, 246, 243, 250, 244, 391, 387, 385, 391, 388, 387, 392, 391, 385, 392, 385, 383, 235, 238, 237, 235, 241, 238, 235, 243, 241, 397, 394, 392, 233, 243, 235, 401, 397, 392, 401, 399, 397, 229, 392, 383, 229, 243, 233, 229, 233, 230, 229, 270, 250, 229, 383, 270, 229, 250, 243, 403, 401, 392, 406, 404, 403, 406, 403, 392, 223, 227, 224, 220, 227, 223, 220, 229, 227, 411, 409, 406, 411, 392, 229, 411, 406, 392, 411, 229, 220, 215, 219, 217, 215, 220, 219, 423, 415, 413, 423, 417, 415, 423, 419, 417, 423, 421, 419, 205, 209, 207, 205, 413, 411, 205, 211, 209, 205, 213, 211, 205, 215, 213, 205, 411, 220, 205, 220, 215, 428, 425, 423, 428, 427, 425, 428, 423, 413, 199, 203, 200, 433, 431, 428, 434, 433, 428, 195, 199, 197, 192, 199, 195, 441, 205, 203, 441, 437, 434, 441, 439, 437, 441, 413, 205, 441, 428, 413, 441, 434, 428, 189, 192, 191, 187, 192, 189, 184, 192, 187, 183, 192, 184, 451, 443, 441, 451, 445, 443, 451, 446, 445, 451, 449, 446, 451, 441, 203, 179, 192, 183, 179, 451, 203, 179, 203, 199, 179, 183, 181, 179, 199, 192, 452, 451, 179, 177, 452, 179, 461, 455, 452, 461, 456, 455, 461, 459, 456, 465, 463, 461, 465, 461, 452, 165, 169, 166, 165, 171, 169, 165, 172, 171, 165, 175, 172, 467, 465, 452, 161, 175, 165, 161, 165, 163, 472, 471, 468, 475, 468, 467, 475, 467, 452, 475, 472, 468, 153, 157, 154, 153, 158, 157, 153, 161, 158, 479, 477, 475, 481, 475, 452, 481, 479, 475, 483, 481, 452, 145, 149, 147, 145, 150, 149, 145, 153, 150, 489, 485, 483, 489, 487, 485, 493, 452, 177, 493, 491, 489, 493, 175, 161, 493, 161, 153, 493, 483, 452, 493, 177, 175, 493, 489, 483, 137, 141, 139, 137, 143, 141, 137, 145, 143, 137, 153, 145, 135, 153, 137, 499, 497, 494, 131, 135, 133, 131, 153, 135, 501, 499, 494, 501, 494, 493, 127, 131, 129, 2, 501, 493, 2, 502, 501, 125, 131, 127, 3, 2, 493, 123, 131, 125, 121, 153, 131, 121, 131, 123, 115, 119, 117, 12, 10, 9, 110, 119, 115, 110, 115, 113, 17, 15, 12, 17, 12, 9, 20, 5, 3, 20, 6, 5, 20, 9, 6, 20, 19, 17, 20, 3, 493, 20, 17, 9, 104, 119, 110, 104, 108, 107, 104, 110, 108, 22, 20, 493, 102, 121, 119, 102, 119, 104, 29, 25, 22, 29, 26, 25, 30, 29, 22, 95, 98, 97, 95, 101, 98, 95, 102, 101, 92, 153, 121, 92, 121, 102, 92, 102, 95, 38, 33, 30, 38, 34, 33, 38, 37, 34, 38, 30, 22, 87, 91, 89, 87, 92, 91, 87, 153, 92, 85, 153, 87, 45, 43, 41, 47, 45, 41, 49, 47, 41, 49, 41, 38, 49, 38, 22, 78, 153, 85, 78, 83, 81, 78, 85, 83, 51, 49, 22, 76, 153, 78, 72, 76, 75, 71, 76, 72, 58, 56, 55, 69, 493, 153, 69, 153, 76, 69, 22, 493, 69, 76, 71, 60, 53, 51, 60, 55, 53, 60, 58, 55, 65, 22, 69, 65, 51, 22, 65, 69, 67, 63, 60, 51, 63, 51, 65]
            rel material:binding:physics = </canned_beverage/materials/contact>
            normal3f[] normals = [(0.9999223, 0.012465972, 0), (0.9999223, 0.012465972, 0), (0.9999223, 0.012465972, 0), (0.9999223, 0.012465972, 0), (0.9999223, 0.012465972, 0), (0.9999223, 0.012465972, 0), (0.99930066, 0.037392996, 0), (0.99930066, 0.037392996, 0), (0.99930066, 0.037392996, 0), (0.99930066, 0.037392996, 0), (0.99930066, 0.037392996, 0), (0.99930066, 0.037392996, 0), (0.9980579, 0.062292952, 0), (0.9980579, 0.062292952, 0), (0.9980579, 0.062292952, 0), (0.9980579, 0.062292952, 0), (0.9980579, 0.062292952, 0), (0.9980579, 0.062292952, 0), (0.9961949, 0.08715358, 0), (0.9961949, 0.08715358, 0), (0.9961949, 0.08715358, 0), (0.9961949, 0.08715358, 0), (0.9961949, 0.08715358, 0), (0.9961949, 0.08715358, 0), (0.9937121, 0.11196497, 0), (0.9937121, 0.11196497, 0), (0.9937121, 0.11196497, 0), (0.9937121, 0.11196497, 0), (0.9937121, 0.11196497, 0), (0.9937121, 0.11196497, 0), (0.9906118, 0.13670495, 0), (0.9906118, 0.13670495, 0), (0.9906118, 0.13670495, 0), (0.9906118, 0.13670495, 0), (0.9906118, 0.13670495, 0), (0.9906118, 0.13670495, 0), (0.98689616, 0.16135657, 0), (0.98689616, 0.16135657, 0), (0.98689616, 0.16135657, 0), (0.98689616, 0.16135657, 0), (0.98689616, 0.16135657, 0), (0.98689616, 0.16135657, 0), (0.9825664, 0.18591192, 0), (0.9825664, 0.18591192, 0), (0.9825664, 0.18591192, 0), (0.9825664, 0.18591192, 0), (0.9825664, 0.18591192, 0), (0.9825664, 0.18591192, 0), (0.97762626, 0.21034947, 0), (0.97762626, 0.21034947, 0), (0.97762626, 0.21034947, 0), (0.97762626, 0.21034947, 0), (0.97762626, 0.21034947, 0), (0.97762626, 0.21034947, 0), (0.9720778, 0.23465884, 0), (0.9720778, 0.23465884, 0), (0.9720778, 0.23465884, 0), (0.9720778, 0.23465884, 0), (0.9720778, 0.23465884, 0), (0.9720778, 0.23465884, 0), (0.96592593, 0.25881857, 0), (0.96592593, 0.25881857, 0), (0.96592593, 0.25881857, 0), (0.96592593, 0.25881857, 0), (0.96592593, 0.25881857, 0), (0.96592593, 0.25881857, 0), (0.95917296, 0.28282014, 0), (0.95917296, 0.28282014, 0), (0.95917296, 0.28282014, 0), (0.95917296, 0.28282014, 0), (0.95917296, 0.28282014, 0), (0.95917296, 0.28282014, 0), (0.9518246, 0.30664298, 0), (0.9518246, 0.30664298, 0), (0.9518246, 0.30664298, 0), (0.9518246, 0.30664298, 0), (0.9518246, 0.30664298, 0), (0.9518246, 0.30664298, 0), (0.9438829, 0.3302804, 0), (0.9438829, 0.3302804, 0), (0.9438829, 0.3302804, 0), (0.9438829, 0.3302804, 0), (0.9438829, 0.3302804, 0), (0.9438829, 0.3302804, 0), (0.93535614, 0.3537073, 0), (0.93535614, 0.3537073, 0), (0.93535614, 0.3537073, 0), (0.93535614, 0.3537073, 0), (0.93535614, 0.3537073, 0), (0.93535614, 0.3537073, 0), (0.9262472, 0.37691662, 0), (0.9262472, 0.37691662, 0), (0.9262472, 0.37691662, 0), (0.9165621, 0.39989248, 0), (0.9165621, 0.39989248, 0), (0.9165621, 0.39989248, 0), (0.9262472, 0.37691662, 0), (0.9262472, 0.37691662, 0), (0.9262472, 0.37691662, 0), (0.9165621, 0.39989248, 0), (0.9165621, 0.39989248, 0), (0.9165621, 0.39989248, 0), (0.9063078, 0.42261818, 0), (0.9063078, 0.42261818, 0), (0.9063078, 0.42261818, 0), (0.8954897, 0.44508225, 0), (0.8954897, 0.44508225, 0), (0.8954897, 0.44508225, 0), (0.9063078, 0.42261818, 0), (0.9063078, 0.42261818, 0), (0.9063078, 0.42261818, 0), (0.8954897, 0.44508225, 0), (0.8954897, 0.44508225, 0), (0.8954897, 0.44508225, 0), (0.8841156, 0.46726832, 0), (0.8841156, 0.46726832, 0), (0.8841156, 0.46726832, 0), (0.8841156, 0.46726832, 0), (0.8841156, 0.46726832, 0), (0.8841156, 0.46726832, 0), (0.8721914, 0.48916468, 0), (0.8721914, 0.48916468, 0), (0.8721914, 0.48916468, 0), (0.8721914, 0.48916468, 0), (0.8721914, 0.48916468, 0), (0.8721914, 0.48916468, 0), (0.8597244, 0.5107582, 0), (0.8597244, 0.5107582, 0), (0.8597244, 0.5107582, 0), (0.8597244, 0.5107582, 0), (0.8597244, 0.5107582, 0), (0.8597244, 0.5107582, 0), (0.84672445, 0.5320317, 0), (0.84672445, 0.5320317, 0), (0.84672445, 0.5320317, 0), (0.84672445, 0.5320317, 0), (0.84672445, 0.5320317, 0), (0.84672445, 0.5320317, 0), (0.83319646, 0.552977, 0), (0.83319646, 0.552977, 0), (0.83319646, 0.552977, 0), (0.83319646, 0.552977, 0), (0.83319646, 0.552977, 0), (0.83319646, 0.552977, 0), (0.81915283, 0.57357526, 0), (0.81915283, 0.57357526, 0), (0.81915283, 0.57357526, 0), (0.81915283, 0.57357526, 0), (0.81915283, 0.57357526, 0), (0.81915283, 0.57357526, 0), (0.80459774, 0.5938202, 0), (0.80459774, 0.5938202, 0), (0.80459774, 0.5938202, 0), (0.80459774, 0.5938202, 0), (0.80459774, 0.5938202, 0), (0.80459774, 0.5938202, 0), (0.78954387, 0.61369413, 0), (0.78954387, 0.61369413, 0), (0.78954387, 0.61369413, 0), (0.78954387, 0.61369413, 0), (0.78954387, 0.61369413, 0), (0.78954387, 0.61369413, 0), (0.7739974, 0.6331888, 0), (0.7739974, 0.6331888, 0), (0.7739974, 0.6331888, 0), (0.7739974, 0.6331888, 0), (0.7739974, 0.6331888, 0), (0.7739974, 0.6331888, 0), (0.7579716, 0.6522876, 0), (0.7579716, 0.6522876, 0), (0.7579716, 0.6522876, 0), (0.7579716, 0.6522876, 0), (0.7579716, 0.6522876, 0), (0.7579716, 0.6522876, 0), (0.74147415, 0.6709814, 0), (0.74147415, 0.6709814, 0), (0.74147415, 0.6709814, 0), (0.74147415, 0.6709814, 0), (0.74147415, 0.6709814, 0), (0.74147415, 0.6709814, 0), (0.7245158, 0.6892582, 0), (0.7245158, 0.6892582, 0), (0.7245158, 0.6892582, 0), (0.7245158, 0.6892582, 0), (0.7245158, 0.6892582, 0), (0.7245158, 0.6892582, 0), (0.70710677, 0.70710677, 0), (0.70710677, 0.70710677, 0), (0.70710677, 0.70710677, 0), (0.70710677, 0.70710677, 0), (0.70710677, 0.70710677, 0), (0.70710677, 0.70710677, 0), (0.6892582, 0.7245158, 0), (0.6892582, 0.7245158, 0), (0.6892582, 0.7245158, 0), (0.6892582, 0.7245158, 0), (0.6892582, 0.7245158, 0), (0.6892582, 0.7245158, 0), (0.6709814, 0.74147415, 0), (0.6709814, 0.74147415, 0), (0.6709814, 0.74147415, 0), (0.6709814, 0.74147415, 0), (0.6709814, 0.74147415, 0), (0.6709814, 0.74147415, 0), (0.6522876, 0.7579716, 0), (0.6522876, 0.7579716, 0), (0.6522876, 0.7579716, 0), (0.6522876, 0.7579716, 0), (0.6522876, 0.7579716, 0), (0.6522876, 0.7579716, 0), (0.6331888, 0.7739974, 0), (0.6331888, 0.7739974, 0), (0.6331888, 0.7739974, 0), (0.6331888, 0.7739974, 0), (0.6331888, 0.7739974, 0), (0.6331888, 0.7739974, 0), (0.61369413, 0.78954387, 0), (0.61369413, 0.78954387, 0), (0.61369413, 0.78954387, 0), (0.61369413, 0.78954387, 0), (0.61369413, 0.78954387, 0), (0.61369413, 0.78954387, 0), (0.5938202, 0.80459774, 0), (0.5938202, 0.80459774, 0), (0.5938202, 0.80459774, 0), (0.5938202, 0.80459774, 0), (0.5938202, 0.80459774, 0), (0.5938202, 0.80459774, 0), (0.57357526, 0.81915283, 0), (0.57357526, 0.81915283, 0), (0.57357526, 0.81915283, 0), (0.57357526, 0.81915283, 0), (0.57357526, 0.81915283, 0), (0.57357526, 0.81915283, 0), (0.552977, 0.83319646, 0), (0.552977, 0.83319646, 0), (0.552977, 0.83319646, 0), (0.552977, 0.83319646, 0), (0.552977, 0.83319646, 0), (0.552977, 0.83319646, 0), (0.5320317, 0.84672445, 0), (0.5320317, 0.84672445, 0), (0.5320317, 0.84672445, 0), (0.5320317, 0.84672445, 0), (0.5320317, 0.84672445, 0), (0.5320317, 0.84672445, 0), (0.5107582, 0.8597244, 0), (0.5107582, 0.8597244, 0), (0.5107582, 0.8597244, 0), (0.5107582, 0.8597244, 0), (0.5107582, 0.8597244, 0), (0.5107582, 0.8597244, 0), (0.48916468, 0.8721914, 0), (0.48916468, 0.8721914, 0), (0.48916468, 0.8721914, 0), (0.48916468, 0.8721914, 0), (0.48916468, 0.8721914, 0), (0.48916468, 0.8721914, 0), (0.46726832, 0.8841156, 0), (0.46726832, 0.8841156, 0), (0.46726832, 0.8841156, 0), (0.46726832, 0.8841156, 0), (0.46726832, 0.8841156, 0), (0.46726832, 0.8841156, 0), (0.44508225, 0.8954897, 0), (0.44508225, 0.8954897, 0), (0.44508225, 0.8954897, 0), (0.44508225, 0.8954897, 0), (0.44508225, 0.8954897, 0), (0.44508225, 0.8954897, 0), (0.42261818, 0.9063078, 0), (0.42261818, 0.9063078, 0), (0.42261818, 0.9063078, 0), (0.42261818, 0.9063078, 0), (0.42261818, 0.9063078, 0), (0.42261818, 0.9063078, 0), (0.39989248, 0.9165621, 0), (0.39989248, 0.9165621, 0), (0.39989248, 0.9165621, 0), (0.39989248, 0.9165621, 0), (0.39989248, 0.9165621, 0), (0.39989248, 0.9165621, 0), (0.37691662, 0.9262472, 0), (0.37691662, 0.9262472, 0), (0.37691662, 0.9262472, 0), (0.37691662, 0.9262472, 0), (0.37691662, 0.9262472, 0), (0.37691662, 0.9262472, 0), (0.3537073, 0.93535614, 0), (0.3537073, 0.93535614, 0), (0.3537073, 0.93535614, 0), (0.3537073, 0.93535614, 0), (0.3537073, 0.93535614, 0), (0.3537073, 0.93535614, 0), (0.3302804, 0.9438829, 0), (0.3302804, 0.9438829, 0), (0.3302804, 0.9438829, 0), (0.30664298, 0.9518246, 0), (0.30664298, 0.9518246, 0), (0.30664298, 0.9518246, 0), (0.3302804, 0.9438829, 0), (0.3302804, 0.9438829, 0), (0.3302804, 0.9438829, 0), (0.28282014, 0.95917296, 0), (0.28282014, 0.95917296, 0), (0.28282014, 0.95917296, 0), (0.30664298, 0.9518246, 0), (0.30664298, 0.9518246, 0), (0.30664298, 0.9518246, 0), (0.28282014, 0.95917296, 0), (0.28282014, 0.95917296, 0), (0.28282014, 0.95917296, 0), (0.25881857, 0.96592593, 0), (0.25881857, 0.96592593, 0), (0.25881857, 0.96592593, 0), (0.23465884, 0.9720778, 0), (0.23465884, 0.9720778, 0), (0.23465884, 0.9720778, 0), (0.25881857, 0.96592593, 0), (0.25881857, 0.96592593, 0), (0.25881857, 0.96592593, 0), (0.21034947, 0.97762626, 0), (0.21034947, 0.97762626, 0), (0.21034947, 0.97762626, 0), (0.23465884, 0.9720778, 0), (0.23465884, 0.9720778, 0), (0.23465884, 0.9720778, 0), (0.21034947, 0.97762626, 0), (0.21034947, 0.97762626, 0), (0.21034947, 0.97762626, 0), (0.18591192, 0.9825664, 0), (0.18591192, 0.9825664, 0), (0.18591192, 0.9825664, 0), (0.18591192, 0.9825664, 0), (0.18591192, 0.9825664, 0), (0.18591192, 0.9825664, 0), (0.16135657, 0.98689616, 0), (0.16135657, 0.98689616, 0), (0.16135657, 0.98689616, 0), (0.16135657, 0.98689616, 0), (0.16135657, 0.98689616, 0), (0.16135657, 0.98689616, 0), (0.13670495, 0.9906118, 0), (0.13670495, 0.9906118, 0), (0.13670495, 0.9906118, 0), (0.13670495, 0.9906118, 0), (0.13670495, 0.9906118, 0), (0.13670495, 0.9906118, 0), (0.11196497, 0.9937121, 0), (0.11196497, 0.9937121, 0), (0.11196497, 0.9937121, 0), (0.11196497, 0.9937121, 0), (0.11196497, 0.9937121, 0), (0.11196497, 0.9937121, 0), (0.08715358, 0.9961949, 0), (0.08715358, 0.9961949, 0), (0.08715358, 0.9961949, 0), (0.08715358, 0.9961949, 0), (0.08715358, 0.9961949, 0), (0.08715358, 0.9961949, 0), (0.062292952, 0.9980579, 0), (0.062292952, 0.9980579, 0), (0.062292952, 0.9980579, 0), (0.062292952, 0.9980579, 0), (0.062292952, 0.9980579, 0), (0.062292952, 0.9980579, 0), (0.037392996, 0.99930066, 0), (0.037392996, 0.99930066, 0), (0.037392996, 0.99930066, 0), (0.037392996, 0.99930066, 0), (0.037392996, 0.99930066, 0), (0.037392996, 0.99930066, 0), (0.012465972, 0.9999223, 0), (0.012465972, 0.9999223, 0), (0.012465972, 0.9999223, 0), (0.012465972, 0.9999223, 0), (0.012465972, 0.9999223, 0), (0.012465972, 0.9999223, 0), (-0.012465972, 0.9999223, 0), (-0.012465972, 0.9999223, 0), (-0.012465972, 0.9999223, 0), (-0.012465972, 0.9999223, 0), (-0.012465972, 0.9999223, 0), (-0.012465972, 0.9999223, 0), (-0.037392996, 0.99930066, 0), (-0.037392996, 0.99930066, 0), (-0.037392996, 0.99930066, 0), (-0.037392996, 0.99930066, 0), (-0.037392996, 0.99930066, 0), (-0.037392996, 0.99930066, 0), (-0.062292952, 0.9980579, 0), (-0.062292952, 0.9980579, 0), (-0.062292952, 0.9980579, 0), (-0.062292952, 0.9980579, 0), (-0.062292952, 0.9980579, 0), (-0.062292952, 0.9980579, 0), (-0.08715358, 0.9961949, 0), (-0.08715358, 0.9961949, 0), (-0.08715358, 0.9961949, 0), (-0.08715358, 0.9961949, 0), (-0.08715358, 0.9961949, 0), (-0.08715358, 0.9961949, 0), (-0.11196497, 0.9937121, 0), (-0.11196497, 0.9937121, 0), (-0.11196497, 0.9937121, 0), (-0.11196497, 0.9937121, 0), (-0.11196497, 0.9937121, 0), (-0.11196497, 0.9937121, 0), (-0.13670495, 0.9906118, 0), (-0.13670495, 0.9906118, 0), (-0.13670495, 0.9906118, 0), (-0.13670495, 0.9906118, 0), (-0.13670495, 0.9906118, 0), (-0.13670495, 0.9906118, 0), (-0.16135657, 0.98689616, 0), (-0.16135657, 0.98689616, 0), (-0.16135657, 0.98689616, 0), (-0.16135657, 0.98689616, 0), (-0.16135657, 0.98689616, 0), (-0.16135657, 0.98689616, 0), (-0.18591192, 0.9825664, 0), (-0.18591192, 0.9825664, 0), (-0.18591192, 0.9825664, 0), (-0.18591192, 0.9825664, 0), (-0.18591192, 0.9825664, 0), (-0.18591192, 0.9825664, 0), (-0.21034947, 0.97762626, 0), (-0.21034947, 0.97762626, 0), (-0.21034947, 0.97762626, 0), (-0.21034947, 0.97762626, 0), (-0.21034947, 0.97762626, 0), (-0.21034947, 0.97762626, 0), (-0.23465884, 0.9720778, 0), (-0.23465884, 0.9720778, 0), (-0.23465884, 0.9720778, 0), (-0.23465884, 0.9720778, 0), (-0.23465884, 0.9720778, 0), (-0.23465884, 0.9720778, 0), (-0.25881857, 0.96592593, 0), (-0.25881857, 0.96592593, 0), (-0.25881857, 0.96592593, 0), (-0.28282014, 0.95917296, 0), (-0.28282014, 0.95917296, 0), (-0.28282014, 0.95917296, 0), (-0.25881857, 0.96592593, 0), (-0.25881857, 0.96592593, 0), (-0.25881857, 0.96592593, 0), (-0.28282014, 0.95917296, 0), (-0.28282014, 0.95917296, 0), (-0.28282014, 0.95917296, 0), (-0.30664298, 0.9518246, 0), (-0.30664298, 0.9518246, 0), (-0.30664298, 0.9518246, 0), (-0.30664298, 0.9518246, 0), (-0.30664298, 0.9518246, 0), (-0.30664298, 0.9518246, 0), (-0.3302804, 0.9438829, 0), (-0.3302804, 0.9438829, 0), (-0.3302804, 0.9438829, 0), (-0.3302804, 0.9438829, 0), (-0.3302804, 0.9438829, 0), (-0.3302804, 0.9438829, 0), (-0.3537073, 0.93535614, 0), (-0.3537073, 0.93535614, 0), (-0.3537073, 0.93535614, 0), (-0.3537073, 0.93535614, 0), (-0.3537073, 0.93535614, 0), (-0.3537073, 0.93535614, 0), (-0.37691662, 0.9262472, 0), (-0.37691662, 0.9262472, 0), (-0.37691662, 0.9262472, 0), (-0.37691662, 0.9262472, 0), (-0.37691662, 0.9262472, 0), (-0.37691662, 0.9262472, 0), (-0.39989248, 0.9165621, 0), (-0.39989248, 0.9165621, 0), (-0.39989248, 0.9165621, 0), (-0.39989248, 0.9165621, 0), (-0.39989248, 0.9165621, 0), (-0.39989248, 0.9165621, 0), (-0.42261818, 0.9063078, 0), (-0.42261818, 0.9063078, 0), (-0.42261818, 0.9063078, 0), (-0.42261818, 0.9063078, 0), (-0.42261818, 0.9063078, 0), (-0.42261818, 0.9063078, 0), (-0.44508225, 0.8954897, 0), (-0.44508225, 0.8954897, 0), (-0.44508225, 0.8954897, 0), (-0.44508225, 0.8954897, 0), (-0.44508225, 0.8954897, 0), (-0.44508225, 0.8954897, 0), (-0.46726832, 0.8841156, 0), (-0.46726832, 0.8841156, 0), (-0.46726832, 0.8841156, 0), (-0.46726832, 0.8841156, 0), (-0.46726832, 0.8841156, 0), (-0.46726832, 0.8841156, 0), (-0.48916468, 0.8721914, 0), (-0.48916468, 0.8721914, 0), (-0.48916468, 0.8721914, 0), (-0.48916468, 0.8721914, 0), (-0.48916468, 0.8721914, 0), (-0.48916468, 0.8721914, 0), (-0.5107582, 0.8597244, 0), (-0.5107582, 0.8597244, 0), (-0.5107582, 0.8597244, 0), (-0.5320317, 0.84672445, 0), (-0.5320317, 0.84672445, 0), (-0.5320317, 0.84672445, 0), (-0.5107582, 0.8597244, 0), (-0.5107582, 0.8597244, 0), (-0.5107582, 0.8597244, 0), (-0.5320317, 0.84672445, 0), (-0.5320317, 0.84672445, 0), (-0.5320317, 0.84672445, 0), (-0.552977, 0.83319646, 0), (-0.552977, 0.83319646, 0), (-0.552977, 0.83319646, 0), (-0.552977, 0.83319646, 0), (-0.552977, 0.83319646, 0), (-0.552977, 0.83319646, 0), (-0.57357526, 0.81915283, 0), (-0.57357526, 0.81915283, 0), (-0.57357526, 0.81915283, 0), (-0.57357526, 0.81915283, 0), (-0.57357526, 0.81915283, 0), (-0.57357526, 0.81915283, 0), (-0.5938202, 0.80459774, 0), (-0.5938202, 0.80459774, 0), (-0.5938202, 0.80459774, 0), (-0.5938202, 0.80459774, 0), (-0.5938202, 0.80459774, 0), (-0.5938202, 0.80459774, 0), (-0.61369413, 0.78954387, 0), (-0.61369413, 0.78954387, 0), (-0.61369413, 0.78954387, 0), (-0.61369413, 0.78954387, 0), (-0.61369413, 0.78954387, 0), (-0.61369413, 0.78954387, 0), (-0.6331888, 0.7739974, 0), (-0.6331888, 0.7739974, 0), (-0.6331888, 0.7739974, 0), (-0.6522876, 0.7579716, 0), (-0.6522876, 0.7579716, 0), (-0.6522876, 0.7579716, 0), (-0.6331888, 0.7739974, 0), (-0.6331888, 0.7739974, 0), (-0.6331888, 0.7739974, 0), (-0.6522876, 0.7579716, 0), (-0.6522876, 0.7579716, 0), (-0.6522876, 0.7579716, 0), (-0.6709814, 0.74147415, 0), (-0.6709814, 0.74147415, 0), (-0.6709814, 0.74147415, 0), (-0.6709814, 0.74147415, 0), (-0.6709814, 0.74147415, 0), (-0.6709814, 0.74147415, 0), (-0.6892582, 0.7245158, 0), (-0.6892582, 0.7245158, 0), (-0.6892582, 0.7245158, 0), (-0.6892582, 0.7245158, 0), (-0.6892582, 0.7245158, 0), (-0.6892582, 0.7245158, 0), (-0.70710677, 0.70710677, 0), (-0.70710677, 0.70710677, 0), (-0.70710677, 0.70710677, 0), (-0.7245158, 0.6892582, 0), (-0.7245158, 0.6892582, 0), (-0.7245158, 0.6892582, 0), (-0.70710677, 0.70710677, 0), (-0.70710677, 0.70710677, 0), (-0.70710677, 0.70710677, 0), (-0.7245158, 0.6892582, 0), (-0.7245158, 0.6892582, 0), (-0.7245158, 0.6892582, 0), (-0.74147415, 0.6709814, 0), (-0.74147415, 0.6709814, 0), (-0.74147415, 0.6709814, 0), (-0.74147415, 0.6709814, 0), (-0.74147415, 0.6709814, 0), (-0.74147415, 0.6709814, 0), (-0.7579716, 0.6522876, 0), (-0.7579716, 0.6522876, 0), (-0.7579716, 0.6522876, 0), (-0.7579716, 0.6522876, 0), (-0.7579716, 0.6522876, 0), (-0.7579716, 0.6522876, 0), (-0.7739974, 0.6331888, 0), (-0.7739974, 0.6331888, 0), (-0.7739974, 0.6331888, 0), (-0.78954387, 0.61369413, 0), (-0.78954387, 0.61369413, 0), (-0.78954387, 0.61369413, 0), (-0.7739974, 0.6331888, 0), (-0.7739974, 0.6331888, 0), (-0.7739974, 0.6331888, 0), (-0.78954387, 0.61369413, 0), (-0.78954387, 0.61369413, 0), (-0.78954387, 0.61369413, 0), (-0.80459774, 0.5938202, 0), (-0.80459774, 0.5938202, 0), (-0.80459774, 0.5938202, 0), (-0.80459774, 0.5938202, 0), (-0.80459774, 0.5938202, 0), (-0.80459774, 0.5938202, 0), (-0.81915283, 0.57357526, 0), (-0.81915283, 0.57357526, 0), (-0.81915283, 0.57357526, 0), (-0.81915283, 0.57357526, 0), (-0.81915283, 0.57357526, 0), (-0.81915283, 0.57357526, 0), (-0.83319646, 0.552977, 0), (-0.83319646, 0.552977, 0), (-0.83319646, 0.552977, 0), (-0.83319646, 0.552977, 0), (-0.83319646, 0.552977, 0), (-0.83319646, 0.552977, 0), (-0.84672445, 0.5320317, 0), (-0.84672445, 0.5320317, 0), (-0.84672445, 0.5320317, 0), (-0.84672445, 0.5320317, 0), (-0.84672445, 0.5320317, 0), (-0.84672445, 0.5320317, 0), (-0.8597244, 0.5107582, 0), (-0.8597244, 0.5107582, 0), (-0.8597244, 0.5107582, 0), (-0.8597244, 0.5107582, 0), (-0.8597244, 0.5107582, 0), (-0.8597244, 0.5107582, 0), (-0.8721914, 0.48916468, 0), (-0.8721914, 0.48916468, 0), (-0.8721914, 0.48916468, 0), (-0.8721914, 0.48916468, 0), (-0.8721914, 0.48916468, 0), (-0.8721914, 0.48916468, 0), (-0.8841156, 0.46726832, 0), (-0.8841156, 0.46726832, 0), (-0.8841156, 0.46726832, 0), (-0.8841156, 0.46726832, 0), (-0.8841156, 0.46726832, 0), (-0.8841156, 0.46726832, 0), (-0.8954897, 0.44508225, 0), (-0.8954897, 0.44508225, 0), (-0.8954897, 0.44508225, 0), (-0.8954897, 0.44508225, 0), (-0.8954897, 0.44508225, 0), (-0.8954897, 0.44508225, 0), (-0.9063078, 0.42261818, 0), (-0.9063078, 0.42261818, 0), (-0.9063078, 0.42261818, 0), (-0.9063078, 0.42261818, 0), (-0.9063078, 0.42261818, 0), (-0.9063078, 0.42261818, 0), (-0.9165621, 0.39989248, 0), (-0.9165621, 0.39989248, 0), (-0.9165621, 0.39989248, 0), (-0.9165621, 0.39989248, 0), (-0.9165621, 0.39989248, 0), (-0.9165621, 0.39989248, 0), (-0.9262472, 0.37691662, 0), (-0.9262472, 0.37691662, 0), (-0.9262472, 0.37691662, 0), (-0.9262472, 0.37691662, 0), (-0.9262472, 0.37691662, 0), (-0.9262472, 0.37691662, 0), (-0.93535614, 0.3537073, 0), (-0.93535614, 0.3537073, 0), (-0.93535614, 0.3537073, 0), (-0.93535614, 0.3537073, 0), (-0.93535614, 0.3537073, 0), (-0.93535614, 0.3537073, 0), (-0.9438829, 0.3302804, 0), (-0.9438829, 0.3302804, 0), (-0.9438829, 0.3302804, 0), (-0.9438829, 0.3302804, 0), (-0.9438829, 0.3302804, 0), (-0.9438829, 0.3302804, 0), (-0.9518246, 0.30664298, 0), (-0.9518246, 0.30664298, 0), (-0.9518246, 0.30664298, 0), (-0.9518246, 0.30664298, 0), (-0.9518246, 0.30664298, 0), (-0.9518246, 0.30664298, 0), (-0.95917296, 0.28282014, 0), (-0.95917296, 0.28282014, 0), (-0.95917296, 0.28282014, 0), (-0.95917296, 0.28282014, 0), (-0.95917296, 0.28282014, 0), (-0.95917296, 0.28282014, 0), (-0.96592593, 0.25881857, 0), (-0.96592593, 0.25881857, 0), (-0.96592593, 0.25881857, 0), (-0.96592593, 0.25881857, 0), (-0.96592593, 0.25881857, 0), (-0.96592593, 0.25881857, 0), (-0.9720778, 0.23465884, 0), (-0.9720778, 0.23465884, 0), (-0.9720778, 0.23465884, 0), (-0.9720778, 0.23465884, 0), (-0.9720778, 0.23465884, 0), (-0.9720778, 0.23465884, 0), (-0.97762626, 0.21034947, 0), (-0.97762626, 0.21034947, 0), (-0.97762626, 0.21034947, 0), (-0.9825664, 0.18591192, 0), (-0.9825664, 0.18591192, 0), (-0.9825664, 0.18591192, 0), (-0.97762626, 0.21034947, 0), (-0.97762626, 0.21034947, 0), (-0.97762626, 0.21034947, 0), (-0.9825664, 0.18591192, 0), (-0.9825664, 0.18591192, 0), (-0.9825664, 0.18591192, 0), (-0.98689616, 0.16135657, 0), (-0.98689616, 0.16135657, 0), (-0.98689616, 0.16135657, 0), (-0.98689616, 0.16135657, 0), (-0.98689616, 0.16135657, 0), (-0.98689616, 0.16135657, 0), (-0.9906118, 0.13670495, 0), (-0.9906118, 0.13670495, 0), (-0.9906118, 0.13670495, 0), (-0.9937121, 0.11196497, 0), (-0.9937121, 0.11196497, 0), (-0.9937121, 0.11196497, 0), (-0.9906118, 0.13670495, 0), (-0.9906118, 0.13670495, 0), (-0.9906118, 0.13670495, 0), (-0.9961949, 0.08715358, 0), (-0.9961949, 0.08715358, 0), (-0.9961949, 0.08715358, 0), (-0.9937121, 0.11196497, 0), (-0.9937121, 0.11196497, 0), (-0.9937121, 0.11196497, 0), (-0.9961949, 0.08715358, 0), (-0.9961949, 0.08715358, 0), (-0.9961949, 0.08715358, 0), (-0.9980579, 0.062292952, 0), (-0.9980579, 0.062292952, 0), (-0.9980579, 0.062292952, 0), (-0.99930066, 0.037392996, 0), (-0.99930066, 0.037392996, 0), (-0.99930066, 0.037392996, 0), (-0.9980579, 0.062292952, 0), (-0.9980579, 0.062292952, 0), (-0.9980579, 0.062292952, 0), (-0.99930066, 0.037392996, 0), (-0.99930066, 0.037392996, 0), (-0.99930066, 0.037392996, 0), (-0.9999223, 0.012465972, 0), (-0.9999223, 0.012465972, 0), (-0.9999223, 0.012465972, 0), (-0.9999223, 0.012465972, 0), (-0.9999223, 0.012465972, 0), (-0.9999223, 0.012465972, 0), (-0.9999223, -0.012465972, -0), (-0.9999223, -0.012465972, -0), (-0.9999223, -0.012465972, -0), (-0.9999223, -0.012465972, 0), (-0.9999223, -0.012465972, 0), (-0.9999223, -0.012465972, 0), (-0.99930066, -0.037392996, -0), (-0.99930066, -0.037392996, -0), (-0.99930066, -0.037392996, -0), (-0.99930066, -0.037392996, 0), (-0.99930066, -0.037392996, 0), (-0.99930066, -0.037392996, 0), (-0.9980579, -0.062292952, -0), (-0.9980579, -0.062292952, -0), (-0.9980579, -0.062292952, -0), (-0.9980579, -0.062292952, 0), (-0.9980579, -0.062292952, 0), (-0.9980579, -0.062292952, 0), (-0.9961949, -0.08715358, -0), (-0.9961949, -0.08715358, -0), (-0.9961949, -0.08715358, -0), (-0.9961949, -0.08715358, 0), (-0.9961949, -0.08715358, 0), (-0.9961949, -0.08715358, 0), (-0.9937121, -0.11196497, -0), (-0.9937121, -0.11196497, -0), (-0.9937121, -0.11196497, -0), (-0.9937121, -0.11196497, 0), (-0.9937121, -0.11196497, 0), (-0.9937121, -0.11196497, 0), (-0.9906118, -0.13670495, -0), (-0.9906118, -0.13670495, -0), (-0.9906118, -0.13670495, -0), (-0.9906118, -0.13670495, 0), (-0.9906118, -0.13670495, 0), (-0.9906118, -0.13670495, 0), (-0.98689616, -0.16135657, -0), (-0.98689616, -0.16135657, -0), (-0.98689616, -0.16135657, -0), (-0.98689616, -0.16135657, 0), (-0.98689616, -0.16135657, 0), (-0.98689616, -0.16135657, 0), (-0.9825664, -0.18591192, -0), (-0.9825664, -0.18591192, -0), (-0.9825664, -0.18591192, -0), (-0.9825664, -0.18591192, 0), (-0.9825664, -0.18591192, 0), (-0.9825664, -0.18591192, 0), (-0.97762626, -0.21034947, -0), (-0.97762626, -0.21034947, -0), (-0.97762626, -0.21034947, -0), (-0.97762626, -0.21034947, 0), (-0.97762626, -0.21034947, 0), (-0.97762626, -0.21034947, 0), (-0.9720778, -0.23465884, -0), (-0.9720778, -0.23465884, -0), (-0.9720778, -0.23465884, -0), (-0.9720778, -0.23465884, 0), (-0.9720778, -0.23465884, 0), (-0.9720778, -0.23465884, 0), (-0.96592593, -0.25881857, -0), (-0.96592593, -0.25881857, -0), (-0.96592593, -0.25881857, -0), (-0.96592593, -0.25881857, 0), (-0.96592593, -0.25881857, 0), (-0.96592593, -0.25881857, 0), (-0.95917296, -0.28282014, -0), (-0.95917296, -0.28282014, -0), (-0.95917296, -0.28282014, -0), (-0.95917296, -0.28282014, 0), (-0.95917296, -0.28282014, 0), (-0.95917296, -0.28282014, 0), (-0.9518246, -0.30664298, -0), (-0.9518246, -0.30664298, -0), (-0.9518246, -0.30664298, -0), (-0.9518246, -0.30664298, 0), (-0.9518246, -0.30664298, 0), (-0.9518246, -0.30664298, 0), (-0.9438829, -0.3302804, -0), (-0.9438829, -0.3302804, -0), (-0.9438829, -0.3302804, -0), (-0.9438829, -0.3302804, 0), (-0.9438829, -0.3302804, 0), (-0.9438829, -0.3302804, 0), (-0.93535614, -0.3537073, -0), (-0.93535614, -0.3537073, -0), (-0.93535614, -0.3537073, -0), (-0.93535614, -0.3537073, 0), (-0.93535614, -0.3537073, 0), (-0.93535614, -0.3537073, 0), (-0.9262472, -0.37691662, -0), (-0.9262472, -0.37691662, -0), (-0.9262472, -0.37691662, -0), (-0.9262472, -0.37691662, 0), (-0.9262472, -0.37691662, 0), (-0.9262472, -0.37691662, 0), (-0.9165621, -0.39989248, -0), (-0.9165621, -0.39989248, -0), (-0.9165621, -0.39989248, -0), (-0.9165621, -0.39989248, 0), (-0.9165621, -0.39989248, 0), (-0.9165621, -0.39989248, 0), (-0.9063078, -0.42261818, -0), (-0.9063078, -0.42261818, -0), (-0.9063078, -0.42261818, -0), (-0.9063078, -0.42261818, 0), (-0.9063078, -0.42261818, 0), (-0.9063078, -0.42261818, 0), (-0.8954897, -0.44508225, -0), (-0.8954897, -0.44508225, -0), (-0.8954897, -0.44508225, -0), (-0.8954897, -0.44508225, 0), (-0.8954897, -0.44508225, 0), (-0.8954897, -0.44508225, 0), (-0.8841156, -0.46726832, -0), (-0.8841156, -0.46726832, -0), (-0.8841156, -0.46726832, -0), (-0.8841156, -0.46726832, 0), (-0.8841156, -0.46726832, 0), (-0.8841156, -0.46726832, 0), (-0.8721914, -0.48916468, -0), (-0.8721914, -0.48916468, -0), (-0.8721914, -0.48916468, -0), (-0.8721914, -0.48916468, 0), (-0.8721914, -0.48916468, 0), (-0.8721914, -0.48916468, 0), (-0.8597244, -0.5107582, -0), (-0.8597244, -0.5107582, -0), (-0.8597244, -0.5107582, -0), (-0.8597244, -0.5107582, 0), (-0.8597244, -0.5107582, 0), (-0.8597244, -0.5107582, 0), (-0.84672445, -0.5320317, -0), (-0.84672445, -0.5320317, -0), (-0.84672445, -0.5320317, -0), (-0.84672445, -0.5320317, 0), (-0.84672445, -0.5320317, 0), (-0.84672445, -0.5320317, 0), (-0.81915283, -0.57357526, -0), (-0.81915283, -0.57357526, -0), (-0.81915283, -0.57357526, -0), (-0.83319646, -0.552977, -0), (-0.83319646, -0.552977, -0), (-0.83319646, -0.552977, -0), (-0.83319646, -0.552977, 0), (-0.83319646, -0.552977, 0), (-0.83319646, -0.552977, 0), (-0.81915283, -0.57357526, 0), (-0.81915283, -0.57357526, 0), (-0.81915283, -0.57357526, 0), (-0.80459774, -0.5938202, -0), (-0.80459774, -0.5938202, -0), (-0.80459774, -0.5938202, -0), (-0.80459774, -0.5938202, 0), (-0.80459774, -0.5938202, 0), (-0.80459774, -0.5938202, 0), (-0.78954387, -0.61369413, 0), (-0.78954387, -0.61369413, 0), (-0.78954387, -0.61369413, 0), (-0.78954387, -0.61369413, -0), (-0.78954387, -0.61369413, -0), (-0.78954387, -0.61369413, -0), (-0.7739974, -0.6331888, 0), (-0.7739974, -0.6331888, 0), (-0.7739974, -0.6331888, 0), (-0.7739974, -0.6331888, -0), (-0.7739974, -0.6331888, -0), (-0.7739974, -0.6331888, -0), (-0.7579716, -0.6522876, 0), (-0.7579716, -0.6522876, 0), (-0.7579716, -0.6522876, 0), (-0.7579716, -0.6522876, -0), (-0.7579716, -0.6522876, -0), (-0.7579716, -0.6522876, -0), (-0.74147415, -0.6709814, 0), (-0.74147415, -0.6709814, 0), (-0.74147415, -0.6709814, 0), (-0.74147415, -0.6709814, -0), (-0.74147415, -0.6709814, -0), (-0.74147415, -0.6709814, -0), (-0.7245158, -0.6892582, 0), (-0.7245158, -0.6892582, 0), (-0.7245158, -0.6892582, 0), (-0.70710677, -0.70710677, -0), (-0.70710677, -0.70710677, -0), (-0.70710677, -0.70710677, -0), (-0.7245158, -0.6892582, -0), (-0.7245158, -0.6892582, -0), (-0.7245158, -0.6892582, -0), (-0.70710677, -0.70710677, 0), (-0.70710677, -0.70710677, 0), (-0.70710677, -0.70710677, 0), (-0.6892582, -0.7245158, 0), (-0.6892582, -0.7245158, 0), (-0.6892582, -0.7245158, 0), (-0.6709814, -0.74147415, -0), (-0.6709814, -0.74147415, -0), (-0.6709814, -0.74147415, -0), (-0.6892582, -0.7245158, -0), (-0.6892582, -0.7245158, -0), (-0.6892582, -0.7245158, -0), (-0.6709814, -0.74147415, 0), (-0.6709814, -0.74147415, 0), (-0.6709814, -0.74147415, 0), (-0.6522876, -0.7579716, 0), (-0.6522876, -0.7579716, 0), (-0.6522876, -0.7579716, 0), (-0.6522876, -0.7579716, -0), (-0.6522876, -0.7579716, -0), (-0.6522876, -0.7579716, -0), (-0.6331888, -0.7739974, 0), (-0.6331888, -0.7739974, 0), (-0.6331888, -0.7739974, 0), (-0.61369413, -0.78954387, -0), (-0.61369413, -0.78954387, -0), (-0.61369413, -0.78954387, -0), (-0.6331888, -0.7739974, -0), (-0.6331888, -0.7739974, -0), (-0.6331888, -0.7739974, -0), (-0.61369413, -0.78954387, 0), (-0.61369413, -0.78954387, 0), (-0.61369413, -0.78954387, 0), (-0.5938202, -0.80459774, 0), (-0.5938202, -0.80459774, 0), (-0.5938202, -0.80459774, 0), (-0.5938202, -0.80459774, -0), (-0.5938202, -0.80459774, -0), (-0.5938202, -0.80459774, -0), (-0.57357526, -0.81915283, 0), (-0.57357526, -0.81915283, 0), (-0.57357526, -0.81915283, 0), (-0.552977, -0.83319646, -0), (-0.552977, -0.83319646, -0), (-0.552977, -0.83319646, -0), (-0.57357526, -0.81915283, -0), (-0.57357526, -0.81915283, -0), (-0.57357526, -0.81915283, -0), (-0.552977, -0.83319646, 0), (-0.552977, -0.83319646, 0), (-0.552977, -0.83319646, 0), (-0.5320317, -0.84672445, 0), (-0.5320317, -0.84672445, 0), (-0.5320317, -0.84672445, 0), (-0.5320317, -0.84672445, -0), (-0.5320317, -0.84672445, -0), (-0.5320317, -0.84672445, -0), (-0.5107582, -0.8597244, 0), (-0.5107582, -0.8597244, 0), (-0.5107582, -0.8597244, 0), (-0.5107582, -0.8597244, -0), (-0.5107582, -0.8597244, -0), (-0.5107582, -0.8597244, -0), (-0.48916468, -0.8721914, 0), (-0.48916468, -0.8721914, 0), (-0.48916468, -0.8721914, 0), (-0.48916468, -0.8721914, -0), (-0.48916468, -0.8721914, -0), (-0.48916468, -0.8721914, -0), (-0.46726832, -0.8841156, 0), (-0.46726832, -0.8841156, 0), (-0.46726832, -0.8841156, 0), (-0.46726832, -0.8841156, -0), (-0.46726832, -0.8841156, -0), (-0.46726832, -0.8841156, -0), (-0.44508225, -0.8954897, 0), (-0.44508225, -0.8954897, 0), (-0.44508225, -0.8954897, 0), (-0.44508225, -0.8954897, -0), (-0.44508225, -0.8954897, -0), (-0.44508225, -0.8954897, -0), (-0.42261818, -0.9063078, 0), (-0.42261818, -0.9063078, 0), (-0.42261818, -0.9063078, 0), (-0.42261818, -0.9063078, -0), (-0.42261818, -0.9063078, -0), (-0.42261818, -0.9063078, -0), (-0.39989248, -0.9165621, 0), (-0.39989248, -0.9165621, 0), (-0.39989248, -0.9165621, 0), (-0.39989248, -0.9165621, -0), (-0.39989248, -0.9165621, -0), (-0.39989248, -0.9165621, -0), (-0.37691662, -0.9262472, 0), (-0.37691662, -0.9262472, 0), (-0.37691662, -0.9262472, 0), (-0.37691662, -0.9262472, -0), (-0.37691662, -0.9262472, -0), (-0.37691662, -0.9262472, -0), (-0.3537073, -0.93535614, 0), (-0.3537073, -0.93535614, 0), (-0.3537073, -0.93535614, 0), (-0.3537073, -0.93535614, -0), (-0.3537073, -0.93535614, -0), (-0.3537073, -0.93535614, -0), (-0.3302804, -0.9438829, -0), (-0.3302804, -0.9438829, -0), (-0.3302804, -0.9438829, -0), (-0.3302804, -0.9438829, 0), (-0.3302804, -0.9438829, 0), (-0.3302804, -0.9438829, 0), (-0.30664298, -0.9518246, -0), (-0.30664298, -0.9518246, -0), (-0.30664298, -0.9518246, -0), (-0.30664298, -0.9518246, 0), (-0.30664298, -0.9518246, 0), (-0.30664298, -0.9518246, 0), (-0.28282014, -0.95917296, -0), (-0.28282014, -0.95917296, -0), (-0.28282014, -0.95917296, -0), (-0.28282014, -0.95917296, 0), (-0.28282014, -0.95917296, 0), (-0.28282014, -0.95917296, 0), (-0.25881857, -0.96592593, -0), (-0.25881857, -0.96592593, -0), (-0.25881857, -0.96592593, -0), (-0.25881857, -0.96592593, 0), (-0.25881857, -0.96592593, 0), (-0.25881857, -0.96592593, 0), (-0.23465884, -0.9720778, -0), (-0.23465884, -0.9720778, -0), (-0.23465884, -0.9720778, -0), (-0.23465884, -0.9720778, 0), (-0.23465884, -0.9720778, 0), (-0.23465884, -0.9720778, 0), (-0.21034947, -0.97762626, -0), (-0.21034947, -0.97762626, -0), (-0.21034947, -0.97762626, -0), (-0.21034947, -0.97762626, 0), (-0.21034947, -0.97762626, 0), (-0.21034947, -0.97762626, 0), (-0.18591192, -0.9825664, -0), (-0.18591192, -0.9825664, -0), (-0.18591192, -0.9825664, -0), (-0.18591192, -0.9825664, 0), (-0.18591192, -0.9825664, 0), (-0.18591192, -0.9825664, 0), (-0.16135657, -0.98689616, 0), (-0.16135657, -0.98689616, 0), (-0.16135657, -0.98689616, 0), (-0.16135657, -0.98689616, -0), (-0.16135657, -0.98689616, -0), (-0.16135657, -0.98689616, -0), (-0.13670495, -0.9906118, -0), (-0.13670495, -0.9906118, -0), (-0.13670495, -0.9906118, -0), (-0.13670495, -0.9906118, 0), (-0.13670495, -0.9906118, 0), (-0.13670495, -0.9906118, 0), (-0.11196497, -0.9937121, 0), (-0.11196497, -0.9937121, 0), (-0.11196497, -0.9937121, 0), (-0.11196497, -0.9937121, -0), (-0.11196497, -0.9937121, -0), (-0.11196497, -0.9937121, -0), (-0.08715358, -0.9961949, 0), (-0.08715358, -0.9961949, 0), (-0.08715358, -0.9961949, 0), (-0.08715358, -0.9961949, -0), (-0.08715358, -0.9961949, -0), (-0.08715358, -0.9961949, -0), (-0.062292952, -0.9980579, 0), (-0.062292952, -0.9980579, 0), (-0.062292952, -0.9980579, 0), (-0.037392996, -0.99930066, -0), (-0.037392996, -0.99930066, -0), (-0.037392996, -0.99930066, -0), (-0.062292952, -0.9980579, -0), (-0.062292952, -0.9980579, -0), (-0.062292952, -0.9980579, -0), (-0.012465972, -0.9999223, -0), (-0.012465972, -0.9999223, -0), (-0.012465972, -0.9999223, -0), (-0.037392996, -0.99930066, 0), (-0.037392996, -0.99930066, 0), (-0.037392996, -0.99930066, 0), (-0.012465972, -0.9999223, 0), (-0.012465972, -0.9999223, 0), (-0.012465972, -0.9999223, 0), (0.012465972, -0.9999223, 0), (0.012465972, -0.9999223, 0), (0.012465972, -0.9999223, 0), (0.012465972, -0.9999223, 0), (0.012465972, -0.9999223, 0), (0.012465972, -0.9999223, 0), (0.037392996, -0.99930066, 0), (0.037392996, -0.99930066, 0), (0.037392996, -0.99930066, 0), (0.037392996, -0.99930066, 0), (0.037392996, -0.99930066, 0), (0.037392996, -0.99930066, 0), (0.062292952, -0.9980579, 0), (0.062292952, -0.9980579, 0), (0.062292952, -0.9980579, 0), (0.062292952, -0.9980579, 0), (0.062292952, -0.9980579, 0), (0.062292952, -0.9980579, 0), (0.08715358, -0.9961949, 0), (0.08715358, -0.9961949, 0), (0.08715358, -0.9961949, 0), (0.11196497, -0.9937121, 0), (0.11196497, -0.9937121, 0), (0.11196497, -0.9937121, 0), (0.08715358, -0.9961949, 0), (0.08715358, -0.9961949, 0), (0.08715358, -0.9961949, 0), (0.11196497, -0.9937121, 0), (0.11196497, -0.9937121, 0), (0.11196497, -0.9937121, 0), (0.13670495, -0.9906118, 0), (0.13670495, -0.9906118, 0), (0.13670495, -0.9906118, 0), (0.16135657, -0.98689616, 0), (0.16135657, -0.98689616, 0), (0.16135657, -0.98689616, 0), (0.13670495, -0.9906118, 0), (0.13670495, -0.9906118, 0), (0.13670495, -0.9906118, 0), (0.18591192, -0.9825664, 0), (0.18591192, -0.9825664, 0), (0.18591192, -0.9825664, 0), (0.16135657, -0.98689616, 0), (0.16135657, -0.98689616, 0), (0.16135657, -0.98689616, 0), (0.18591192, -0.9825664, 0), (0.18591192, -0.9825664, 0), (0.18591192, -0.9825664, 0), (0.21034947, -0.97762626, 0), (0.21034947, -0.97762626, 0), (0.21034947, -0.97762626, 0), (0.21034947, -0.97762626, 0), (0.21034947, -0.97762626, 0), (0.21034947, -0.97762626, 0), (0.23465884, -0.9720778, 0), (0.23465884, -0.9720778, 0), (0.23465884, -0.9720778, 0), (0.23465884, -0.9720778, 0), (0.23465884, -0.9720778, 0), (0.23465884, -0.9720778, 0), (0.25881857, -0.96592593, 0), (0.25881857, -0.96592593, 0), (0.25881857, -0.96592593, 0), (0.25881857, -0.96592593, 0), (0.25881857, -0.96592593, 0), (0.25881857, -0.96592593, 0), (0.28282014, -0.95917296, 0), (0.28282014, -0.95917296, 0), (0.28282014, -0.95917296, 0), (0.28282014, -0.95917296, 0), (0.28282014, -0.95917296, 0), (0.28282014, -0.95917296, 0), (0.30664298, -0.9518246, 0), (0.30664298, -0.9518246, 0), (0.30664298, -0.9518246, 0), (0.30664298, -0.9518246, 0), (0.30664298, -0.9518246, 0), (0.30664298, -0.9518246, 0), (0.3302804, -0.9438829, 0), (0.3302804, -0.9438829, 0), (0.3302804, -0.9438829, 0), (0.3302804, -0.9438829, 0), (0.3302804, -0.9438829, 0), (0.3302804, -0.9438829, 0), (0.3537073, -0.93535614, 0), (0.3537073, -0.93535614, 0), (0.3537073, -0.93535614, 0), (0.3537073, -0.93535614, 0), (0.3537073, -0.93535614, 0), (0.3537073, -0.93535614, 0), (0.37691662, -0.9262472, 0), (0.37691662, -0.9262472, 0), (0.37691662, -0.9262472, 0), (0.37691662, -0.9262472, 0), (0.37691662, -0.9262472, 0), (0.37691662, -0.9262472, 0), (0.39989248, -0.9165621, 0), (0.39989248, -0.9165621, 0), (0.39989248, -0.9165621, 0), (0.39989248, -0.9165621, 0), (0.39989248, -0.9165621, 0), (0.39989248, -0.9165621, 0), (0.42261818, -0.9063078, 0), (0.42261818, -0.9063078, 0), (0.42261818, -0.9063078, 0), (0.42261818, -0.9063078, 0), (0.42261818, -0.9063078, 0), (0.42261818, -0.9063078, 0), (0.44508225, -0.8954897, 0), (0.44508225, -0.8954897, 0), (0.44508225, -0.8954897, 0), (0.44508225, -0.8954897, 0), (0.44508225, -0.8954897, 0), (0.44508225, -0.8954897, 0), (0.46726832, -0.8841156, 0), (0.46726832, -0.8841156, 0), (0.46726832, -0.8841156, 0), (0.46726832, -0.8841156, 0), (0.46726832, -0.8841156, 0), (0.46726832, -0.8841156, 0), (0.48916468, -0.8721914, 0), (0.48916468, -0.8721914, 0), (0.48916468, -0.8721914, 0), (0.48916468, -0.8721914, 0), (0.48916468, -0.8721914, 0), (0.48916468, -0.8721914, 0), (0.5107582, -0.8597244, 0), (0.5107582, -0.8597244, 0), (0.5107582, -0.8597244, 0), (0.5107582, -0.8597244, 0), (0.5107582, -0.8597244, 0), (0.5107582, -0.8597244, 0), (0.5320317, -0.84672445, 0), (0.5320317, -0.84672445, 0), (0.5320317, -0.84672445, 0), (0.5320317, -0.84672445, 0), (0.5320317, -0.84672445, 0), (0.5320317, -0.84672445, 0), (0.552977, -0.83319646, 0), (0.552977, -0.83319646, 0), (0.552977, -0.83319646, 0), (0.552977, -0.83319646, 0), (0.552977, -0.83319646, 0), (0.552977, -0.83319646, 0), (0.57357526, -0.81915283, 0), (0.57357526, -0.81915283, 0), (0.57357526, -0.81915283, 0), (0.57357526, -0.81915283, 0), (0.57357526, -0.81915283, 0), (0.57357526, -0.81915283, 0), (0.5938202, -0.80459774, 0), (0.5938202, -0.80459774, 0), (0.5938202, -0.80459774, 0), (0.5938202, -0.80459774, 0), (0.5938202, -0.80459774, 0), (0.5938202, -0.80459774, 0), (0.61369413, -0.78954387, 0), (0.61369413, -0.78954387, 0), (0.61369413, -0.78954387, 0), (0.61369413, -0.78954387, 0), (0.61369413, -0.78954387, 0), (0.61369413, -0.78954387, 0), (0.6331888, -0.7739974, 0), (0.6331888, -0.7739974, 0), (0.6331888, -0.7739974, 0), (0.6331888, -0.7739974, 0), (0.6331888, -0.7739974, 0), (0.6331888, -0.7739974, 0), (0.6522876, -0.7579716, 0), (0.6522876, -0.7579716, 0), (0.6522876, -0.7579716, 0), (0.6522876, -0.7579716, 0), (0.6522876, -0.7579716, 0), (0.6522876, -0.7579716, 0), (0.6709814, -0.74147415, 0), (0.6709814, -0.74147415, 0), (0.6709814, -0.74147415, 0), (0.6709814, -0.74147415, 0), (0.6709814, -0.74147415, 0), (0.6709814, -0.74147415, 0), (0.6892582, -0.7245158, 0), (0.6892582, -0.7245158, 0), (0.6892582, -0.7245158, 0), (0.6892582, -0.7245158, 0), (0.6892582, -0.7245158, 0), (0.6892582, -0.7245158, 0), (0.70710677, -0.70710677, 0), (0.70710677, -0.70710677, 0), (0.70710677, -0.70710677, 0), (0.70710677, -0.70710677, 0), (0.70710677, -0.70710677, 0), (0.70710677, -0.70710677, 0), (0.7245158, -0.6892582, 0), (0.7245158, -0.6892582, 0), (0.7245158, -0.6892582, 0), (0.74147415, -0.6709814, 0), (0.74147415, -0.6709814, 0), (0.74147415, -0.6709814, 0), (0.7245158, -0.6892582, 0), (0.7245158, -0.6892582, 0), (0.7245158, -0.6892582, 0), (0.74147415, -0.6709814, 0), (0.74147415, -0.6709814, 0), (0.74147415, -0.6709814, 0), (0.7579716, -0.6522876, 0), (0.7579716, -0.6522876, 0), (0.7579716, -0.6522876, 0), (0.7579716, -0.6522876, 0), (0.7579716, -0.6522876, 0), (0.7579716, -0.6522876, 0), (0.7739974, -0.6331888, 0), (0.7739974, -0.6331888, 0), (0.7739974, -0.6331888, 0), (0.78954387, -0.61369413, 0), (0.78954387, -0.61369413, 0), (0.78954387, -0.61369413, 0), (0.7739974, -0.6331888, 0), (0.7739974, -0.6331888, 0), (0.7739974, -0.6331888, 0), (0.78954387, -0.61369413, 0), (0.78954387, -0.61369413, 0), (0.78954387, -0.61369413, 0), (0.80459774, -0.5938202, 0), (0.80459774, -0.5938202, 0), (0.80459774, -0.5938202, 0), (0.80459774, -0.5938202, 0), (0.80459774, -0.5938202, 0), (0.80459774, -0.5938202, 0), (0.81915283, -0.57357526, 0), (0.81915283, -0.57357526, 0), (0.81915283, -0.57357526, 0), (0.81915283, -0.57357526, 0), (0.81915283, -0.57357526, 0), (0.81915283, -0.57357526, 0), (0.83319646, -0.552977, 0), (0.83319646, -0.552977, 0), (0.83319646, -0.552977, 0), (0.83319646, -0.552977, 0), (0.83319646, -0.552977, 0), (0.83319646, -0.552977, 0), (0.84672445, -0.5320317, 0), (0.84672445, -0.5320317, 0), (0.84672445, -0.5320317, 0), (0.84672445, -0.5320317, 0), (0.84672445, -0.5320317, 0), (0.84672445, -0.5320317, 0), (0.8597244, -0.5107582, 0), (0.8597244, -0.5107582, 0), (0.8597244, -0.5107582, 0), (0.8597244, -0.5107582, 0), (0.8597244, -0.5107582, 0), (0.8597244, -0.5107582, 0), (0.8721914, -0.48916468, 0), (0.8721914, -0.48916468, 0), (0.8721914, -0.48916468, 0), (0.8721914, -0.48916468, 0), (0.8721914, -0.48916468, 0), (0.8721914, -0.48916468, 0), (0.8841156, -0.46726832, 0), (0.8841156, -0.46726832, 0), (0.8841156, -0.46726832, 0), (0.8841156, -0.46726832, 0), (0.8841156, -0.46726832, 0), (0.8841156, -0.46726832, 0), (0.8954897, -0.44508225, 0), (0.8954897, -0.44508225, 0), (0.8954897, -0.44508225, 0), (0.8954897, -0.44508225, 0), (0.8954897, -0.44508225, 0), (0.8954897, -0.44508225, 0), (0.9063078, -0.42261818, 0), (0.9063078, -0.42261818, 0), (0.9063078, -0.42261818, 0), (0.9063078, -0.42261818, 0), (0.9063078, -0.42261818, 0), (0.9063078, -0.42261818, 0), (0.9165621, -0.39989248, 0), (0.9165621, -0.39989248, 0), (0.9165621, -0.39989248, 0), (0.9165621, -0.39989248, 0), (0.9165621, -0.39989248, 0), (0.9165621, -0.39989248, 0), (0.9262472, -0.37691662, 0), (0.9262472, -0.37691662, 0), (0.9262472, -0.37691662, 0), (0.9262472, -0.37691662, 0), (0.9262472, -0.37691662, 0), (0.9262472, -0.37691662, 0), (0.93535614, -0.3537073, 0), (0.93535614, -0.3537073, 0), (0.93535614, -0.3537073, 0), (0.93535614, -0.3537073, 0), (0.93535614, -0.3537073, 0), (0.93535614, -0.3537073, 0), (0.9438829, -0.3302804, 0), (0.9438829, -0.3302804, 0), (0.9438829, -0.3302804, 0), (0.9438829, -0.3302804, 0), (0.9438829, -0.3302804, 0), (0.9438829, -0.3302804, 0), (0.9518246, -0.30664298, 0), (0.9518246, -0.30664298, 0), (0.9518246, -0.30664298, 0), (0.9518246, -0.30664298, 0), (0.9518246, -0.30664298, 0), (0.9518246, -0.30664298, 0), (0.95917296, -0.28282014, 0), (0.95917296, -0.28282014, 0), (0.95917296, -0.28282014, 0), (0.95917296, -0.28282014, 0), (0.95917296, -0.28282014, 0), (0.95917296, -0.28282014, 0), (0.96592593, -0.25881857, 0), (0.96592593, -0.25881857, 0), (0.96592593, -0.25881857, 0), (0.96592593, -0.25881857, 0), (0.96592593, -0.25881857, 0), (0.96592593, -0.25881857, 0), (0.9720778, -0.23465884, 0), (0.9720778, -0.23465884, 0), (0.9720778, -0.23465884, 0), (0.9720778, -0.23465884, 0), (0.9720778, -0.23465884, 0), (0.9720778, -0.23465884, 0), (0.97762626, -0.21034947, 0), (0.97762626, -0.21034947, 0), (0.97762626, -0.21034947, 0), (0.97762626, -0.21034947, 0), (0.97762626, -0.21034947, 0), (0.97762626, -0.21034947, 0), (0.9825664, -0.18591192, 0), (0.9825664, -0.18591192, 0), (0.9825664, -0.18591192, 0), (0.9825664, -0.18591192, 0), (0.9825664, -0.18591192, 0), (0.9825664, -0.18591192, 0), (0.98689616, -0.16135657, 0), (0.98689616, -0.16135657, 0), (0.98689616, -0.16135657, 0), (0.98689616, -0.16135657, 0), (0.98689616, -0.16135657, 0), (0.98689616, -0.16135657, 0), (0.9906118, -0.13670495, 0), (0.9906118, -0.13670495, 0), (0.9906118, -0.13670495, 0), (0.9906118, -0.13670495, 0), (0.9906118, -0.13670495, 0), (0.9906118, -0.13670495, 0), (0.9937121, -0.11196497, 0), (0.9937121, -0.11196497, 0), (0.9937121, -0.11196497, 0), (0.9937121, -0.11196497, 0), (0.9937121, -0.11196497, 0), (0.9937121, -0.11196497, 0), (0.9961949, -0.08715358, 0), (0.9961949, -0.08715358, 0), (0.9961949, -0.08715358, 0), (0.9961949, -0.08715358, 0), (0.9961949, -0.08715358, 0), (0.9961949, -0.08715358, 0), (0.9980579, -0.062292952, 0), (0.9980579, -0.062292952, 0), (0.9980579, -0.062292952, 0), (0.9980579, -0.062292952, 0), (0.9980579, -0.062292952, 0), (0.9980579, -0.062292952, 0), (0.99930066, -0.037392996, 0), (0.99930066, -0.037392996, 0), (0.99930066, -0.037392996, 0), (0.9999223, -0.012465972, 0), (0.9999223, -0.012465972, 0), (0.9999223, -0.012465972, 0), (0.99930066, -0.037392996, 0), (0.99930066, -0.037392996, 0), (0.99930066, -0.037392996, 0), (0.9999223, -0.012465972, 0), (0.9999223, -0.012465972, 0), (0.9999223, -0.012465972, 0), (0, 0, 1), (0, 0, 1), (0, 0, 1), (0, 0, 1), (0, 0, 1), (0, 0, 1), (0, 0, 1), (0, 0, 1), (0, 0, 1), (0, 0, 1), (0, 0, 1), (0, 0, 1), (0, 0, 1), (0, 0, 1), (0, 0, 1), (0, 0, 1), (0, 0, 1), (0, 0, 1), (0, 0, 1), (0, 0, 1), (0, 0, 1), (0, 0, 1), (0, 0, 1), (0, 0, 1), (0, 0, 1), (0, 0, 1), (0, 0, 1), (0, 0, 1), (0, 0, 1), (0, 0, 1), (0, 0, 1), (0, 0, 1), (0, 0, 1), (0, 0, 1), (0, 0, 1), (0, 0, 1), (0, 0, 1), (0, 0, 1), (0, 0, 1), (0, 0, 1), (0, 0, 1), (0, 0, 1), (0, 0, 1), (0, 0, 1), (0, 0, 1), (0, 0, 1), (0, 0, 1), (0, 0, 1), (0, 0, 1), (0, 0, 1), (0, 0, 1), (0, 0, 1), (0, 0, 1), (0, 0, 1), (0, 0, 1), (0, 0, 1), (0, 0, 1), (0, 0, 1), (0, 0, 1), (0, 0, 1), (0, 0, 1), (0, 0, 1), (0, 0, 1), (0, 0, 1), (0, 0, 1), (0, 0, 1), (0, 0, 1), (0, 0, 1), (0, 0, 1), (0, 0, 1), (0, 0, 1), (0, 0, 1), (0, 0, 1), (0, 0, 1), (0, 0, 1), (0, 0, 1), (0, 0, 1), (0, 0, 1), (0, 0, 1), (0, 0, 1), (0, 0, 1), (0, 0, 1), (0, 0, 1), (0, 0, 1), (0, 0, 1), (0, 0, 1), (0, 0, 1), (0, 0, 1), (0, 0, 1), (0, 0, 1), (0, 0, 1), (0, 0, 1), (0, 0, 1), (0, 0, 1), (0, 0, 1), (0, 0, 1), (0, 0, 1), (0, 0, 1), (0, 0, 1), (0, 0, 1), (0, 0, 1), (0, 0, 1), (0, 0, 1), (0, 0, 1), (0, 0, 1), (0, 0, 1), (0, 0, 1), (0, 0, 1), (0, 0, 1), (0, 0, 1), (0, 0, 1), (0, 0, 1), (0, 0, 1), (0, 0, 1), (0, 0, 1), (0, 0, 1), (0, 0, 1), (0, 0, 1), (0, 0, 1), (0, 0, 1), (0, 0, 1), (0, 0, 1), (0, 0, 1), (0, 0, 1), (0, 0, 1), (0, 0, 1), (0, 0, 1), (0, 0, 1), (0, 0, 1), (0, 0, 1), (0, 0, 1), (0, 0, 1), (0, 0, 1), (0, 0, 1), (0, 0, 1), (0, 0, 1), (0, 0, 1), (0, 0, 1), (0, 0, 1), (0, 0, 1), (0, 0, 1), (0, 0, 1), (0, 0, 1), (0, 0, 1), (0, 0, 1), (0, 0, 1), (0, 0, 1), (0, 0, 1), (0, 0, 1), (0, 0, 1), (0, 0, 1), (0, 0, 1), (0, 0, 1), (0, 0, 1), (0, 0, 1), (0, 0, 1), (0, 0, 1), (0, 0, 1), (0, 0, 1), (0, 0, 1), (0, 0, 1), (0, 0, 1), (0, 0, 1), (0, 0, 1), (0, 0, 1), (0, 0, 1), (0, 0, 1), (0, 0, 1), (0, 0, 1), (0, 0, 1), (0, 0, 1), (0, 0, 1), (0, 0, 1), (0, 0, 1), (0, 0, 1), (0, 0, 1), (0, 0, 1), (0, 0, 1), (0, 0, 1), (0, 0, 1), (0, 0, 1), (0, 0, 1), (0, 0, 1), (0, 0, 1), (0, 0, 1), (0, 0, 1), (0, 0, 1), (0, 0, 1), (0, 0, 1), (-0, 0, 1), (-0, 0, 1), (-0, 0, 1), (0, 0, 1), (0, 0, 1), (0, 0, 1), (0, 0, 1), (0, 0, 1), (0, 0, 1), (0, 0, 1), (0, 0, 1), (0, 0, 1), (-0, 0, 1), (-0, 0, 1), (-0, 0, 1), (-0, 0, 1), (-0, 0, 1), (-0, 0, 1), (-0, 0, 1), (-0, 0, 1), (-0, 0, 1), (-0, 0, 1), (-0, 0, 1), (-0, 0, 1), (0, 0, 1), (0, 0, 1), (0, 0, 1), (0, 0, 1), (0, 0, 1), (0, 0, 1), (0, 0, 1), (0, 0, 1), (0, 0, 1), (-0, 0, 1), (-0, 0, 1), (-0, 0, 1), (0, 0, 1), (0, 0, 1), (0, 0, 1), (-0, 0, 1), (-0, 0, 1), (-0, 0, 1), (-0, 0, 1), (-0, 0, 1), (-0, 0, 1), (-0, 0, 1), (-0, 0, 1), (-0, 0, 1), (0, 0, 1), (0, 0, 1), (0, 0, 1), (0, 0, 1), (0, 0, 1), (0, 0, 1), (0, 0, 1), (0, 0, 1), (0, 0, 1), (0, 0, 1), (0, 0, 1), (0, 0, 1), (0, 0, 1), (0, 0, 1), (0, 0, 1), (-0, 0, 1), (-0, 0, 1), (-0, 0, 1), (-0, 0, 1), (-0, 0, 1), (-0, 0, 1), (-0, 0, 1), (-0, 0, 1), (-0, 0, 1), (0, 0, 1), (0, 0, 1), (0, 0, 1), (0, 0, 1), (0, 0, 1), (0, 0, 1), (0, 0, 1), (0, 0, 1), (0, 0, 1), (-0, 0, 1), (-0, 0, 1), (-0, 0, 1), (0, 0, 1), (0, 0, 1), (0, 0, 1), (-0, 0, 1), (-0, 0, 1), (-0, 0, 1), (0, 0, 1), (0, 0, 1), (0, 0, 1), (0, 0, 1), (0, 0, 1), (0, 0, 1), (0, 0, 1), (0, 0, 1), (0, 0, 1), (-0, 0, 1), (-0, 0, 1), (-0, 0, 1), (-0, 0, 1), (-0, 0, 1), (-0, 0, 1), (-0, 0, 1), (-0, 0, 1), (-0, 0, 1), (-0, 0, 1), (-0, 0, 1), (-0, 0, 1), (0, 0, 1), (0, 0, 1), (0, 0, 1), (-0, 0, 1), (-0, 0, 1), (-0, 0, 1), (0, 0, 1), (0, 0, 1), (0, 0, 1), (0, 0, 1), (0, 0, 1), (0, 0, 1), (0, 0, 1), (0, 0, 1), (0, 0, 1), (0, 0, 1), (0, 0, 1), (0, 0, 1), (0, 0, 1), (0, 0, 1), (0, 0, 1), (-0, 0, 1), (-0, 0, 1), (-0, 0, 1), (-0, 0, 1), (-0, 0, 1), (-0, 0, 1), (-0, 0, 1), (-0, 0, 1), (-0, 0, 1), (0, 0, 1), (0, 0, 1), (0, 0, 1), (-0, 0, 1), (-0, 0, 1), (-0, 0, 1), (-0, 0, 1), (-0, 0, 1), (-0, 0, 1), (0, 0, 1), (0, 0, 1), (0, 0, 1), (0, 0, 1), (0, 0, 1), (0, 0, 1), (0, 0, 1), (0, 0, 1), (0, 0, 1), (-0, 0, 1), (-0, 0, 1), (-0, 0, 1), (-0, 0, 1), (-0, 0, 1), (-0, 0, 1), (0, 0, 1), (0, 0, 1), (0, 0, 1), (-0, 0, 1), (-0, 0, 1), (-0, 0, 1), (-0, 0, 1), (-0, 0, 1), (-0, 0, 1), (0, 0, 1), (0, 0, 1), (0, 0, 1), (0, 0, 1), (0, 0, 1), (0, 0, 1), (0, 0, 1), (0, 0, 1), (0, 0, 1), (0, 0, 1), (0, 0, 1), (0, 0, 1), (-0, 0, 1), (-0, 0, 1), (-0, 0, 1), (-0, 0, 1), (-0, 0, 1), (-0, 0, 1), (-0, 0, 1), (-0, 0, 1), (-0, 0, 1), (-0, 0, 1), (-0, 0, 1), (-0, 0, 1), (0, 0, 1), (0, 0, 1), (0, 0, 1), (0, 0, 1), (0, 0, 1), (0, 0, 1), (0, 0, 1), (0, 0, 1), (0, 0, 1), (0, 0, 1), (0, 0, 1), (0, 0, 1), (0, 0, 1), (0, 0, 1), (0, 0, 1), (0, 0, 1), (0, 0, 1), (0, 0, 1), (0, 0, 1), (0, 0, 1), (0, 0, 1), (0, 0, 1), (0, 0, 1), (0, 0, 1), (-0, 0, 1), (-0, 0, 1), (-0, 0, 1), (-0, 0, 1), (-0, 0, 1), (-0, 0, 1), (-0, 0, 1), (-0, 0, 1), (-0, 0, 1), (-0, 0, 1), (-0, 0, 1), (-0, 0, 1), (-0, 0, 1), (-0, 0, 1), (-0, 0, 1), (0, 0, 1), (0, 0, 1), (0, 0, 1), (0, 0, 1), (0, 0, 1), (0, 0, 1), (0, 0, 1), (0, 0, 1), (0, 0, 1), (0, 0, 1), (0, 0, 1), (0, 0, 1), (-0, 0, 1), (-0, 0, 1), (-0, 0, 1), (0, 0, 1), (0, 0, 1), (0, 0, 1), (0, 0, 1), (0, 0, 1), (0, 0, 1), (-0, 0, 1), (-0, 0, 1), (-0, 0, 1), (-0, 0, 1), (-0, 0, 1), (-0, 0, 1), (-0, 0, 1), (-0, 0, 1), (-0, 0, 1), (-0, 0, 1), (-0, 0, 1), (-0, 0, 1), (0, 0, 1), (0, 0, 1), (0, 0, 1), (0, 0, 1), (0, 0, 1), (0, 0, 1), (0, 0, 1), (0, 0, 1), (0, 0, 1), (-0, 0, 1), (-0, 0, 1), (-0, 0, 1), (-0, 0, 1), (-0, 0, 1), (-0, 0, 1), (-0, 0, 1), (-0, 0, 1), (-0, 0, 1), (-0, 0, 1), (-0, 0, 1), (-0, 0, 1), (0, 0, 1), (0, 0, 1), (0, 0, 1), (0, 0, 1), (0, 0, 1), (0, 0, 1), (0, 0, 1), (0, 0, 1), (0, 0, 1), (-0, 0, 1), (-0, 0, 1), (-0, 0, 1), (-0, 0, 1), (-0, 0, 1), (-0, 0, 1), (0, 0, 1), (0, 0, 1), (0, 0, 1), (-0, 0, 1), (-0, 0, 1), (-0, 0, 1), (0, 0, 1), (0, 0, 1), (0, 0, 1), (0, 0, 1), (0, 0, 1), (0, 0, 1), (-0, 0, 1), (-0, 0, 1), (-0, 0, 1), (0, 0, 1), (0, 0, 1), (0, 0, 1), (-0, 0, 1), (-0, 0, 1), (-0, 0, 1), (0, 0, 1), (0, 0, 1), (0, 0, 1), (0, 0, 1), (0, 0, 1), (0, 0, 1), (0, 0, 1), (0, 0, 1), (0, 0, 1), (0, 0, 1), (0, 0, 1), (0, 0, 1), (0, 0, 1), (0, 0, 1), (0, 0, 1), (-0, 0, 1), (-0, 0, 1), (-0, 0, 1), (0, 0, 1), (0, 0, 1), (0, 0, 1), (0, 0, 1), (0, 0, 1), (0, 0, 1), (-0, 0, 1), (-0, 0, 1), (-0, 0, 1), (-0, 0, 1), (-0, 0, 1), (-0, 0, 1), (0, 0, 1), (0, 0, 1), (0, 0, 1), (-0, 0, 1), (-0, 0, 1), (-0, 0, 1), (-0, 0, 1), (-0, 0, 1), (-0, 0, 1), (0, 0, 1), (0, 0, 1), (0, 0, 1), (-0, 0, 1), (-0, 0, 1), (-0, 0, 1), (0, 0, 1), (0, 0, 1), (0, 0, 1), (0, 0, 1), (0, 0, 1), (0, 0, 1), (0, 0, 1), (0, 0, 1), (0, 0, 1), (0, 0, 1), (0, 0, 1), (0, 0, 1), (-0, -0, 1), (-0, -0, 1), (-0, -0, 1), (0, 0, 1), (0, 0, 1), (0, 0, 1), (0, 0, 1), (0, 0, 1), (0, 0, 1), (-0, -0, 1), (-0, -0, 1), (-0, -0, 1), (-0, -0, 1), (-0, -0, 1), (-0, -0, 1), (-0, -0, 1), (-0, -0, 1), (-0, -0, 1), (-0, -0, 1), (-0, -0, 1), (-0, -0, 1), (-0, -0, 1), (-0, -0, 1), (-0, -0, 1), (-0, -0, 1), (-0, -0, 1), (-0, -0, 1), (-0, 0, 1), (-0, 0, 1), (-0, 0, 1), (-0, -0, 1), (-0, -0, 1), (-0, -0, 1), (0, 0, 1), (0, 0, 1), (0, 0, 1), (0, 0, 1), (0, 0, 1), (0, 0, 1), (0, 0, 1), (0, 0, 1), (0, 0, 1), (-0, -0, 1), (-0, -0, 1), (-0, -0, 1), (0, 0, 1), (0, 0, 1), (0, 0, 1), (0, 0, 1), (0, 0, 1), (0, 0, 1), (-0, -0, 1), (-0, -0, 1), (-0, -0, 1), (-0, -0, 1), (-0, -0, 1), (-0, -0, 1), (-0, -0, 1), (-0, -0, 1), (-0, -0, 1), (0, 0, 1), (0, 0, 1), (0, 0, 1), (0, 0, 1), (0, 0, 1), (0, 0, 1), (0, 0, 1), (0, 0, 1), (0, 0, 1), (0, 0, 1), (0, 0, 1), (0, 0, 1), (0, 0, 1), (0, 0, 1), (0, 0, 1), (0, 0, 1), (0, 0, 1), (0, 0, 1), (-0, -0, 1), (-0, -0, 1), (-0, -0, 1), (-0, -0, 1), (-0, -0, 1), (-0, -0, 1), (-0, -0, 1), (-0, -0, 1), (-0, -0, 1), (-0, -0, 1), (-0, -0, 1), (-0, -0, 1), (0, 0, 1), (0, 0, 1), (0, 0, 1), (0, 0, 1), (0, 0, 1), (0, 0, 1), (0, 0, 1), (0, 0, 1), (0, 0, 1), (0, 0, 1), (0, 0, 1), (0, 0, 1), (-0, -0, 1), (-0, -0, 1), (-0, -0, 1), (-0, -0, 1), (-0, -0, 1), (-0, -0, 1), (-0, -0, 1), (-0, -0, 1), (-0, -0, 1), (-0, -0, 1), (-0, -0, 1), (-0, -0, 1), (-0, -0, 1), (-0, -0, 1), (-0, -0, 1), (0, 0, 1), (0, 0, 1), (0, 0, 1), (0, 0, 1), (0, 0, 1), (0, 0, 1), (0, 0, 1), (0, 0, 1), (0, 0, 1), (-0, -0, 1), (-0, -0, 1), (-0, -0, 1), (0, 0, 1), (0, 0, 1), (0, 0, 1), (0, 0, 1), (0, 0, 1), (0, 0, 1), (0, 0, 1), (0, 0, 1), (0, 0, 1), (-0, -0, 1), (-0, -0, 1), (-0, -0, 1), (0, 0, 1), (0, 0, 1), (0, 0, 1), (0, 0, 1), (0, 0, 1), (0, 0, 1), (-0, -0, 1), (-0, -0, 1), (-0, -0, 1), (0, 0, 1), (0, 0, 1), (0, 0, 1), (-0, -0, 1), (-0, -0, 1), (-0, -0, 1), (-0, -0, 1), (-0, -0, 1), (-0, -0, 1), (-0, -0, 1), (-0, -0, 1), (-0, -0, 1), (0, 0, 1), (0, 0, 1), (0, 0, 1), (-0, -0, 1), (-0, -0, 1), (-0, -0, 1), (0, 0, 1), (0, 0, 1), (0, 0, 1), (-0, -0, 1), (-0, -0, 1), (-0, -0, 1), (0, 0, 1), (0, 0, 1), (0, 0, 1), (0, 0, -1), (0, 0, -1), (0, 0, -1), (0, 0, -1), (0, 0, -1), (0, 0, -1), (0, 0, -1), (0, 0, -1), (0, 0, -1), (-0, -0, -1), (-0, -0, -1), (-0, -0, -1), (0, 0, -1), (0, 0, -1), (0, 0, -1), (0, 0, -1), (0, 0, -1), (0, 0, -1), (0, 0, -1), (0, 0, -1), (0, 0, -1), (0, 0, -1), (0, 0, -1), (0, 0, -1), (0, 0, -1), (0, 0, -1), (0, 0, -1), (0, 0, -1), (0, 0, -1), (0, 0, -1), (0, 0, -1), (0, 0, -1), (0, 0, -1), (-0, -0, -1), (-0, -0, -1), (-0, -0, -1), (-0, -0, -1), (-0, -0, -1), (-0, -0, -1), (-0, -0, -1), (-0, -0, -1), (-0, -0, -1), (0, 0, -1), (0, 0, -1), (0, 0, -1), (0, 0, -1), (0, 0, -1), (0, 0, -1), (0, 0, -1), (0, 0, -1), (0, 0, -1), (0, 0, -1), (0, 0, -1), (0, 0, -1), (-0, -0, -1), (-0, -0, -1), (-0, -0, -1), (-0, -0, -1), (-0, -0, -1), (-0, -0, -1), (-0, -0, -1), (-0, -0, -1), (-0, -0, -1), (-0, -0, -1), (-0, -0, -1), (-0, -0, -1), (-0, -0, -1), (-0, -0, -1), (-0, -0, -1), (-0, -0, -1), (-0, -0, -1), (-0, -0, -1), (-0, -0, -1), (-0, -0, -1), (-0, -0, -1), (0, 0, -1), (0, 0, -1), (0, 0, -1), (0, 0, -1), (0, 0, -1), (0, 0, -1), (0, 0, -1), (0, 0, -1), (0, 0, -1), (0, 0, -1), (0, 0, -1), (0, 0, -1), (0, 0, -1), (0, 0, -1), (0, 0, -1), (-0, -0, -1), (-0, -0, -1), (-0, -0, -1), (0, 0, -1), (0, 0, -1), (0, 0, -1), (-0, -0, -1), (-0, -0, -1), (-0, -0, -1), (-0, -0, -1), (-0, -0, -1), (-0, -0, -1), (0, 0, -1), (0, 0, -1), (0, 0, -1), (-0, -0, -1), (-0, -0, -1), (-0, -0, -1), (-0, -0, -1), (-0, -0, -1), (-0, -0, -1), (-0, -0, -1), (-0, -0, -1), (-0, -0, -1), (0, 0, -1), (0, 0, -1), (0, 0, -1), (0, 0, -1), (0, 0, -1), (0, 0, -1), (-0, -0, -1), (-0, -0, -1), (-0, -0, -1), (-0, -0, -1), (-0, -0, -1), (-0, -0, -1), (0, 0, -1), (0, 0, -1), (0, 0, -1), (0, 0, -1), (0, 0, -1), (0, 0, -1), (0, 0, -1), (0, 0, -1), (0, 0, -1), (-0, -0, -1), (-0, -0, -1), (-0, -0, -1), (-0, -0, -1), (-0, -0, -1), (-0, -0, -1), (0, 0, -1), (0, 0, -1), (0, 0, -1), (0, 0, -1), (0, 0, -1), (0, 0, -1), (0, 0, -1), (0, 0, -1), (0, 0, -1), (-0, -0, -1), (-0, -0, -1), (-0, -0, -1), (-0, -0, -1), (-0, -0, -1), (-0, -0, -1), (-0, -0, -1), (-0, -0, -1), (-0, -0, -1), (-0, -0, -1), (-0, -0, -1), (-0, -0, -1), (0, 0, -1), (0, 0, -1), (0, 0, -1), (0, 0, -1), (0, 0, -1), (0, 0, -1), (0, 0, -1), (0, 0, -1), (0, 0, -1), (0, 0, -1), (0, 0, -1), (0, 0, -1), (-0, -0, -1), (-0, -0, -1), (-0, -0, -1), (-0, -0, -1), (-0, -0, -1), (-0, -0, -1), (-0, -0, -1), (-0, -0, -1), (-0, -0, -1), (-0, 0, -1), (-0, 0, -1), (-0, 0, -1), (-0, 0, -1), (-0, 0, -1), (-0, 0, -1), (-0, 0, -1), (-0, 0, -1), (-0, 0, -1), (-0, 0, -1), (-0, 0, -1), (-0, 0, -1), (-0, 0, -1), (-0, 0, -1), (-0, 0, -1), (-0, 0, -1), (-0, 0, -1), (-0, 0, -1), (0, 0, -1), (0, 0, -1), (0, 0, -1), (0, 0, -1), (0, 0, -1), (0, 0, -1), (0, 0, -1), (0, 0, -1), (0, 0, -1), (0, 0, -1), (0, 0, -1), (0, 0, -1), (-0, 0, -1), (-0, 0, -1), (-0, 0, -1), (-0, 0, -1), (-0, 0, -1), (-0, 0, -1), (-0, 0, -1), (-0, 0, -1), (-0, 0, -1), (0, 0, -1), (0, 0, -1), (0, 0, -1), (-0, 0, -1), (-0, 0, -1), (-0, 0, -1), (0, 0, -1), (0, 0, -1), (0, 0, -1), (0, 0, -1), (0, 0, -1), (0, 0, -1), (0, -0, -1), (0, -0, -1), (0, -0, -1), (-0, 0, -1), (-0, 0, -1), (-0, 0, -1), (-0, 0, -1), (-0, 0, -1), (-0, 0, -1), (-0, 0, -1), (-0, 0, -1), (-0, 0, -1), (-0, -0, -1), (-0, -0, -1), (-0, -0, -1), (-0, 0, -1), (-0, 0, -1), (-0, 0, -1), (0, 0, -1), (0, 0, -1), (0, 0, -1), (0, 0, -1), (0, 0, -1), (0, 0, -1), (0, 0, -1), (0, 0, -1), (0, 0, -1), (-0, 0, -1), (-0, 0, -1), (-0, 0, -1), (-0, 0, -1), (-0, 0, -1), (-0, 0, -1), (-0, 0, -1), (-0, 0, -1), (-0, 0, -1), (0, 0, -1), (0, 0, -1), (0, 0, -1), (-0, 0, -1), (-0, 0, -1), (-0, 0, -1), (0, 0, -1), (0, 0, -1), (0, 0, -1), (0, 0, -1), (0, 0, -1), (0, 0, -1), (-0, 0, -1), (-0, 0, -1), (-0, 0, -1), (-0, 0, -1), (-0, 0, -1), (-0, 0, -1), (0, 0, -1), (0, 0, -1), (0, 0, -1), (0, 0, -1), (0, 0, -1), (0, 0, -1), (0, 0, -1), (0, 0, -1), (0, 0, -1), (0, 0, -1), (0, 0, -1), (0, 0, -1), (-0, 0, -1), (-0, 0, -1), (-0, 0, -1), (0, -0, -1), (0, -0, -1), (0, -0, -1), (-0, 0, -1), (-0, 0, -1), (-0, 0, -1), (-0, 0, -1), (-0, 0, -1), (-0, 0, -1), (-0, 0, -1), (-0, 0, -1), (-0, 0, -1), (-0, -0, -1), (-0, -0, -1), (-0, -0, -1), (-0, 0, -1), (-0, 0, -1), (-0, 0, -1), (0, 0, -1), (0, 0, -1), (0, 0, -1), (0, 0, -1), (0, 0, -1), (0, 0, -1), (0, 0, -1), (0, 0, -1), (0, 0, -1), (-0, 0, -1), (-0, 0, -1), (-0, 0, -1), (0, 0, -1), (0, 0, -1), (0, 0, -1), (0, 0, -1), (0, 0, -1), (0, 0, -1), (-0, 0, -1), (-0, 0, -1), (-0, 0, -1), (-0, 0, -1), (-0, 0, -1), (-0, 0, -1), (0, 0, -1), (0, 0, -1), (0, 0, -1), (0, 0, -1), (0, 0, -1), (0, 0, -1), (0, 0, -1), (0, 0, -1), (0, 0, -1), (-0, 0, -1), (-0, 0, -1), (-0, 0, -1), (0, 0, -1), (0, 0, -1), (0, 0, -1), (0, 0, -1), (0, 0, -1), (0, 0, -1), (-0, 0, -1), (-0, 0, -1), (-0, 0, -1), (-0, 0, -1), (-0, 0, -1), (-0, 0, -1), (-0, 0, -1), (-0, 0, -1), (-0, 0, -1), (-0, 0, -1), (-0, 0, -1), (-0, 0, -1), (0, 0, -1), (0, 0, -1), (0, 0, -1), (0, 0, -1), (0, 0, -1), (0, 0, -1), (0, 0, -1), (0, 0, -1), (0, 0, -1), (0, 0, -1), (0, 0, -1), (0, 0, -1), (-0, 0, -1), (-0, 0, -1), (-0, 0, -1), (-0, 0, -1), (-0, 0, -1), (-0, 0, -1), (-0, -0, -1), (-0, -0, -1), (-0, -0, -1), (-0, 0, -1), (-0, 0, -1), (-0, 0, -1), (-0, 0, -1), (-0, 0, -1), (-0, 0, -1), (-0, 0, -1), (-0, 0, -1), (-0, 0, -1), (-0, 0, -1), (-0, 0, -1), (-0, 0, -1), (-0, -0, -1), (-0, -0, -1), (-0, -0, -1), (0, 0, -1), (0, 0, -1), (0, 0, -1), (0, 0, -1), (0, 0, -1), (0, 0, -1), (0, 0, -1), (0, 0, -1), (0, 0, -1), (0, 0, -1), (0, 0, -1), (0, 0, -1), (0, 0, -1), (0, 0, -1), (0, 0, -1), (-0, 0, -1), (-0, 0, -1), (-0, 0, -1), (-0, 0, -1), (-0, 0, -1), (-0, 0, -1), (-0, 0, -1), (-0, 0, -1), (-0, 0, -1), (-0, 0, -1), (-0, 0, -1), (-0, 0, -1), (0, 0, -1), (0, 0, -1), (0, 0, -1), (-0, 0, -1), (-0, 0, -1), (-0, 0, -1), (-0, 0, -1), (-0, 0, -1), (-0, 0, -1), (0, 0, -1), (0, 0, -1), (0, 0, -1), (0, 0, -1), (0, 0, -1), (0, 0, -1), (0, 0, -1), (0, 0, -1), (0, 0, -1), (0, 0, -1), (0, 0, -1), (0, 0, -1), (-0, 0, -1), (-0, 0, -1), (-0, 0, -1), (-0, 0, -1), (-0, 0, -1), (-0, 0, -1), (-0, 0, -1), (-0, 0, -1), (-0, 0, -1), (0, 0, -1), (0, 0, -1), (0, 0, -1), (0, 0, -1), (0, 0, -1), (0, 0, -1), (0, 0, -1), (0, 0, -1), (0, 0, -1), (0, 0, -1), (0, 0, -1), (0, 0, -1), (-0, 0, -1), (-0, 0, -1), (-0, 0, -1), (-0, 0, -1), (-0, 0, -1), (-0, 0, -1), (-0, 0, -1), (-0, 0, -1), (-0, 0, -1), (0, 0, -1), (0, 0, -1), (0, 0, -1), (0, 0, -1), (0, 0, -1), (0, 0, -1), (-0, 0, -1), (-0, 0, -1), (-0, 0, -1), (0, 0, -1), (0, 0, -1), (0, 0, -1), (0, 0, -1), (0, 0, -1), (0, 0, -1), (0, 0, -1), (0, 0, -1), (0, 0, -1), (0, 0, -1), (0, 0, -1), (0, 0, -1), (0, 0, -1), (0, 0, -1), (0, 0, -1), (0, 0, -1), (0, 0, -1), (0, 0, -1), (-0, 0, -1), (-0, 0, -1), (-0, 0, -1), (-0, 0, -1), (-0, 0, -1), (-0, 0, -1), (-0, 0, -1), (-0, 0, -1), (-0, 0, -1), (-0, 0, -1), (-0, 0, -1), (-0, 0, -1), (-0, 0, -1), (-0, 0, -1), (-0, 0, -1), (0, 0, -1), (0, 0, -1), (0, 0, -1), (-0, 0, -1), (-0, 0, -1), (-0, 0, -1), (-0, 0, -1), (-0, 0, -1), (-0, 0, -1), (0, 0, -1), (0, 0, -1), (0, 0, -1), (0, 0, -1), (0, 0, -1), (0, 0, -1), (-0, 0, -1), (-0, 0, -1), (-0, 0, -1), (0, 0, -1), (0, 0, -1), (0, 0, -1), (0, 0, -1), (0, 0, -1), (0, 0, -1), (-0, 0, -1), (-0, 0, -1), (-0, 0, -1), (0, -0, -1), (0, -0, -1), (0, -0, -1), (0, 0, -1), (0, 0, -1), (0, 0, -1), (-0, 0, -1), (-0, 0, -1), (-0, 0, -1), (0, 0, -1), (0, 0, -1), (0, 0, -1), (0, 0, -1), (0, 0, -1), (0, 0, -1), (0, 0, -1), (0, 0, -1), (0, 0, -1), (0, 0, -1), (0, 0, -1), (0, 0, -1), (0, 0, -1), (0, 0, -1), (0, 0, -1), (0, 0, -1), (0, 0, -1), (0, 0, -1), (0, 0, -1), (0, 0, -1), (0, 0, -1), (0, 0, -1), (0, 0, -1), (0, 0, -1), (0, 0, -1), (0, 0, -1), (0, 0, -1), (0, 0, -1), (0, 0, -1), (0, 0, -1), (0, 0, -1), (0, 0, -1), (0, 0, -1), (0, -0, -1), (0, -0, -1), (0, -0, -1), (0, 0, -1), (0, 0, -1), (0, 0, -1), (0, 0, -1), (0, 0, -1), (0, 0, -1), (0, 0, -1), (0, 0, -1), (0, 0, -1), (0, 0, -1), (0, 0, -1), (0, 0, -1), (0, 0, -1), (0, 0, -1), (0, 0, -1), (0, 0, -1), (0, 0, -1), (0, 0, -1), (0, 0, -1), (0, 0, -1), (0, 0, -1), (0, 0, -1), (0, 0, -1), (0, 0, -1), (0, 0, -1), (0, 0, -1), (0, 0, -1), (0, 0, -1), (0, 0, -1), (0, 0, -1), (0, 0, -1), (0, 0, -1), (0, 0, -1), (0, 0, -1), (0, 0, -1), (0, 0, -1), (0, 0, -1), (0, 0, -1), (0, 0, -1), (0, 0, -1), (0, 0, -1), (0, 0, -1), (0, 0, -1), (0, 0, -1), (0, 0, -1), (0, 0, -1), (0, 0, -1), (0, 0, -1), (0, 0, -1), (0, 0, -1), (0, 0, -1), (0, 0, -1), (0, 0, -1), (0, 0, -1), (0, 0, -1), (0, 0, -1), (0, 0, -1), (0, 0, -1), (0, 0, -1), (0, 0, -1), (0, 0, -1), (0, 0, -1), (0, 0, -1), (0, 0, -1), (0, 0, -1), (0, 0, -1), (0, 0, -1), (0, 0, -1), (0, 0, -1), (0, 0, -1), (0, 0, -1), (0, 0, -1), (0, 0, -1), (0, 0, -1), (0, 0, -1), (0, 0, -1), (0, 0, -1), (0, 0, -1), (0, 0, -1), (0, 0, -1), (0, 0, -1), (0, 0, -1), (0, 0, -1), (0, 0, -1), (0, 0, -1), (0, 0, -1), (0, 0, -1), (0, 0, -1), (0, 0, -1), (0, 0, -1), (0, 0, -1), (0, 0, -1), (0, 0, -1), (0, 0, -1), (0, 0, -1), (0, 0, -1), (0, 0, -1), (0, 0, -1), (0, 0, -1), (0, 0, -1), (0, 0, -1), (0, 0, -1), (0, 0, -1), (0, 0, -1), (0, 0, -1), (0, 0, -1), (0, 0, -1), (0, 0, -1), (0, 0, -1), (0, 0, -1), (0, 0, -1), (-0, -0, -1), (-0, -0, -1), (-0, -0, -1), (0, 0, -1), (0, 0, -1), (0, 0, -1), (0, 0, -1), (0, 0, -1), (0, 0, -1), (0, 0, -1), (0, 0, -1), (0, 0, -1), (0, 0, -1), (0, 0, -1), (0, 0, -1), (0, 0, -1), (0, 0, -1), (0, 0, -1), (0, 0, -1), (0, 0, -1), (0, 0, -1), (-0, -0, -1), (-0, -0, -1), (-0, -0, -1), (0, 0, -1), (0, 0, -1), (0, 0, -1), (0, 0, -1), (0, 0, -1), (0, 0, -1), (0, 0, -1), (0, 0, -1), (0, 0, -1), (-0, -0, -1), (-0, -0, -1), (-0, -0, -1)] (
                interpolation = "faceVarying"
            )
            uniform token orientation = "rightHanded"
            uniform token physics:approximation = "sdf"
            point3f[] points = [(0.031085063, 0.00077521306, 0.16942799), (0.031094726, -7.6160115e-18, 0.16942799), (0.031094726, -7.6160115e-18, 0), (0.031085063, 0.00077521306, 0), (0.031056073, 0.0015499442, 0.16942799), (0.031056073, 0.0015499442, 0), (0.031007778, 0.0023237118, 0), (0.031007778, 0.0023237118, 0.16942799), (0.03094021, 0.003096035, 0.16942799), (0.03094021, 0.003096035, 0), (0.030853407, 0.0038664334, 0), (0.030853407, 0.0038664334, 0.16942799), (0.030747423, 0.0046344283, 0), (0.030747423, 0.0046344283, 0.16942799), (0.030622328, 0.0053995424, 0.16942799), (0.030622328, 0.0053995424, 0), (0.030478194, 0.0061613, 0.16942799), (0.030478194, 0.0061613, 0), (0.030315116, 0.0069192275, 0.16942799), (0.030315116, 0.0069192275, 0), (0.030133191, 0.007672854, 0), (0.030133191, 0.007672854, 0.16942799), (0.029932536, 0.00842171, 0), (0.029932536, 0.00842171, 0.16942799), (0.029713275, 0.009165332, 0.16942799), (0.029713275, 0.009165332, 0), (0.029475542, 0.009903256, 0), (0.029475542, 0.009903256, 0.16942799), (0.029219484, 0.010635023, 0.16942799), (0.029219484, 0.010635023, 0), (0.028945265, 0.011360179, 0), (0.028945265, 0.011360179, 0.16942799), (0.028653052, 0.012078274, 0.16942799), (0.028653052, 0.012078274, 0), (0.028343026, 0.01278886, 0), (0.028343026, 0.01278886, 0.16942799), (0.02801538, 0.013491496, 0.16942799), (0.02801538, 0.013491496, 0), (0.02767032, 0.014185745, 0), (0.02767032, 0.014185745, 0.16942799), (0.02730806, 0.014871176, 0.16942799), (0.02730806, 0.014871176, 0), (0.026928823, 0.015547363, 0.16942799), (0.026928823, 0.015547363, 0), (0.026532846, 0.016213885, 0.16942799), (0.026532846, 0.016213885, 0), (0.026120376, 0.016870327, 0.16942799), (0.026120376, 0.016870327, 0), (0.025691668, 0.017516283, 0.16942799), (0.025691668, 0.017516283, 0), (0.02524699, 0.01815135, 0.16942799), (0.02524699, 0.01815135, 0), (0.024786618, 0.018775133, 0.16942799), (0.024786618, 0.018775133, 0), (0.024310837, 0.019387245, 0.16942799), (0.024310837, 0.019387245, 0), (0.023819942, 0.019987304, 0), (0.023819942, 0.019987304, 0.16942799), (0.023314241, 0.02057494, 0), (0.023314241, 0.02057494, 0.16942799), (0.022794046, 0.021149786, 0), (0.022794046, 0.021149786, 0.16942799), (0.022259684, 0.021711484, 0.16942799), (0.022259684, 0.021711484, 0), (0.021711484, 0.022259684, 0.16942799), (0.021711484, 0.022259684, 0), (0.021149786, 0.022794046, 0.16942799), (0.021149786, 0.022794046, 0), (0.02057494, 0.023314241, 0.16942799), (0.02057494, 0.023314241, 0), (0.019987304, 0.023819942, 0.16942799), (0.019987304, 0.023819942, 0), (0.019387245, 0.024310837, 0), (0.019387245, 0.024310837, 0.16942799), (0.018775133, 0.024786618, 0.16942799), (0.018775133, 0.024786618, 0), (0.01815135, 0.02524699, 0), (0.01815135, 0.02524699, 0.16942799), (0.017516283, 0.025691668, 0), (0.017516283, 0.025691668, 0.16942799), (0.016870327, 0.026120376, 0.16942799), (0.016870327, 0.026120376, 0), (0.016213885, 0.026532846, 0.16942799), (0.016213885, 0.026532846, 0), (0.015547363, 0.026928823, 0.16942799), (0.015547363, 0.026928823, 0), (0.014871176, 0.02730806, 0.16942799), (0.014871176, 0.02730806, 0), (0.014185745, 0.02767032, 0.16942799), (0.014185745, 0.02767032, 0), (0.013491496, 0.02801538, 0.16942799), (0.013491496, 0.02801538, 0), (0.01278886, 0.028343026, 0), (0.01278886, 0.028343026, 0.16942799), (0.012078274, 0.028653052, 0.16942799), (0.012078274, 0.028653052, 0), (0.011360179, 0.028945265, 0.16942799), (0.011360179, 0.028945265, 0), (0.010635023, 0.029219484, 0), (0.010635023, 0.029219484, 0.16942799), (0.009903256, 0.029475542, 0.16942799), (0.009903256, 0.029475542, 0), (0.009165332, 0.029713275, 0), (0.009165332, 0.029713275, 0.16942799), (0.00842171, 0.029932536, 0), (0.00842171, 0.029932536, 0.16942799), (0.007672854, 0.030133191, 0.16942799), (0.007672854, 0.030133191, 0), (0.0069192275, 0.030315116, 0), (0.0069192275, 0.030315116, 0.16942799), (0.0061613, 0.030478194, 0), (0.0061613, 0.030478194, 0.16942799), (0.0053995424, 0.030622328, 0.16942799), (0.0053995424, 0.030622328, 0), (0.0046344283, 0.030747423, 0.16942799), (0.0046344283, 0.030747423, 0), (0.0038664334, 0.030853407, 0.16942799), (0.0038664334, 0.030853407, 0), (0.003096035, 0.03094021, 0.16942799), (0.003096035, 0.03094021, 0), (0.0023237118, 0.031007778, 0.16942799), (0.0023237118, 0.031007778, 0), (0.0015499442, 0.031056073, 0.16942799), (0.0015499442, 0.031056073, 0), (0.00077521306, 0.031085063, 0.16942799), (0.00077521306, 0.031085063, 0), (-5.3331325e-17, 0.031094726, 0.16942799), (-5.3331325e-17, 0.031094726, 0), (-0.00077521306, 0.031085063, 0.16942799), (-0.00077521306, 0.031085063, 0), (-0.0015499442, 0.031056073, 0.16942799), (-0.0015499442, 0.031056073, 0), (-0.0023237118, 0.031007778, 0.16942799), (-0.0023237118, 0.031007778, 0), (-0.003096035, 0.03094021, 0.16942799), (-0.003096035, 0.03094021, 0), (-0.0038664334, 0.030853407, 0.16942799), (-0.0038664334, 0.030853407, 0), (-0.0046344283, 0.030747423, 0.16942799), (-0.0046344283, 0.030747423, 0), (-0.0053995424, 0.030622328, 0.16942799), (-0.0053995424, 0.030622328, 0), (-0.0061613, 0.030478194, 0.16942799), (-0.0061613, 0.030478194, 0), (-0.0069192275, 0.030315116, 0.16942799), (-0.0069192275, 0.030315116, 0), (-0.007672854, 0.030133191, 0.16942799), (-0.007672854, 0.030133191, 0), (-0.00842171, 0.029932536, 0.16942799), (-0.00842171, 0.029932536, 0), (-0.009165332, 0.029713275, 0), (-0.009165332, 0.029713275, 0.16942799), (-0.009903256, 0.029475542, 0.16942799), (-0.009903256, 0.029475542, 0), (-0.010635023, 0.029219484, 0), (-0.010635023, 0.029219484, 0.16942799), (-0.011360179, 0.028945265, 0.16942799), (-0.011360179, 0.028945265, 0), (-0.012078274, 0.028653052, 0), (-0.012078274, 0.028653052, 0.16942799), (-0.01278886, 0.028343026, 0.16942799), (-0.01278886, 0.028343026, 0), (-0.013491496, 0.02801538, 0.16942799), (-0.013491496, 0.02801538, 0), (-0.014185745, 0.02767032, 0.16942799), (-0.014185745, 0.02767032, 0), (-0.014871176, 0.02730806, 0), (-0.014871176, 0.02730806, 0.16942799), (-0.015547363, 0.026928823, 0.16942799), (-0.015547363, 0.026928823, 0), (-0.016213885, 0.026532846, 0.16942799), (-0.016213885, 0.026532846, 0), (-0.016870327, 0.026120376, 0), (-0.016870327, 0.026120376, 0.16942799), (-0.017516283, 0.025691668, 0.16942799), (-0.017516283, 0.025691668, 0), (-0.01815135, 0.02524699, 0.16942799), (-0.01815135, 0.02524699, 0), (-0.018775133, 0.024786618, 0.16942799), (-0.018775133, 0.024786618, 0), (-0.019387245, 0.024310837, 0.16942799), (-0.019387245, 0.024310837, 0), (-0.019987304, 0.023819942, 0.16942799), (-0.019987304, 0.023819942, 0), (-0.02057494, 0.023314241, 0), (-0.02057494, 0.023314241, 0.16942799), (-0.021149786, 0.022794046, 0.16942799), (-0.021149786, 0.022794046, 0), (-0.021711484, 0.022259684, 0.16942799), (-0.021711484, 0.022259684, 0), (-0.022259684, 0.021711484, 0.16942799), (-0.022259684, 0.021711484, 0), (-0.022794046, 0.021149786, 0), (-0.022794046, 0.021149786, 0.16942799), (-0.023314241, 0.02057494, 0.16942799), (-0.023314241, 0.02057494, 0), (-0.023819942, 0.019987304, 0.16942799), (-0.023819942, 0.019987304, 0), (-0.024310837, 0.019387245, 0.16942799), (-0.024310837, 0.019387245, 0), (-0.024786618, 0.018775133, 0), (-0.024786618, 0.018775133, 0.16942799), (-0.02524699, 0.01815135, 0.16942799), (-0.02524699, 0.01815135, 0), (-0.025691668, 0.017516283, 0.16942799), (-0.025691668, 0.017516283, 0), (-0.026120376, 0.016870327, 0.16942799), (-0.026120376, 0.016870327, 0), (-0.026532846, 0.016213885, 0.16942799), (-0.026532846, 0.016213885, 0), (-0.026928823, 0.015547363, 0.16942799), (-0.026928823, 0.015547363, 0), (-0.02730806, 0.014871176, 0.16942799), (-0.02730806, 0.014871176, 0), (-0.02767032, 0.014185745, 0.16942799), (-0.02767032, 0.014185745, 0), (-0.02801538, 0.013491496, 0.16942799), (-0.02801538, 0.013491496, 0), (-0.028343026, 0.01278886, 0.16942799), (-0.028343026, 0.01278886, 0), (-0.028653052, 0.012078274, 0), (-0.028653052, 0.012078274, 0.16942799), (-0.028945265, 0.011360179, 0.16942799), (-0.028945265, 0.011360179, 0), (-0.029219484, 0.010635023, 0), (-0.029219484, 0.010635023, 0.16942799), (-0.029475542, 0.009903256, 0.16942799), (-0.029475542, 0.009903256, 0), (-0.029713275, 0.009165332, 0.16942799), (-0.029713275, 0.009165332, 0), (-0.029932536, 0.00842171, 0), (-0.029932536, 0.00842171, 0.16942799), (-0.030133191, 0.007672854, 0.16942799), (-0.030133191, 0.007672854, 0), (-0.030315116, 0.0069192275, 0.16942799), (-0.030315116, 0.0069192275, 0), (-0.030478194, 0.0061613, 0.16942799), (-0.030478194, 0.0061613, 0), (-0.030622328, 0.0053995424, 0), (-0.030622328, 0.0053995424, 0.16942799), (-0.030747423, 0.0046344283, 0.16942799), (-0.030747423, 0.0046344283, 0), (-0.030853407, 0.0038664334, 0.16942799), (-0.030853407, 0.0038664334, 0), (-0.03094021, 0.003096035, 0), (-0.03094021, 0.003096035, 0.16942799), (-0.031007778, 0.0023237118, 0), (-0.031007778, 0.0023237118, 0.16942799), (-0.031056073, 0.0015499442, 0.16942799), (-0.031056073, 0.0015499442, 0), (-0.031085063, 0.00077521306, 0), (-0.031085063, 0.00077521306, 0.16942799), (-0.031094726, -2.4475096e-16, 0.16942799), (-0.031094726, -2.4475096e-16, 0), (-0.031085063, -0.00077521306, 0.16942799), (-0.031085063, -0.00077521306, 0), (-0.031056073, -0.0015499442, 0), (-0.031056073, -0.0015499442, 0.16942799), (-0.031007778, -0.0023237118, 0.16942799), (-0.031007778, -0.0023237118, 0), (-0.03094021, -0.003096035, 0.16942799), (-0.03094021, -0.003096035, 0), (-0.030853407, -0.0038664334, 0.16942799), (-0.030853407, -0.0038664334, 0), (-0.030747423, -0.0046344283, 0), (-0.030747423, -0.0046344283, 0.16942799), (-0.030622328, -0.0053995424, 0), (-0.030622328, -0.0053995424, 0.16942799), (-0.030478194, -0.0061613, 0), (-0.030478194, -0.0061613, 0.16942799), (-0.030315116, -0.0069192275, 0), (-0.030315116, -0.0069192275, 0.16942799), (-0.030133191, -0.007672854, 0), (-0.030133191, -0.007672854, 0.16942799), (-0.029932536, -0.00842171, 0.16942799), (-0.029932536, -0.00842171, 0), (-0.029713275, -0.009165332, 0), (-0.029713275, -0.009165332, 0.16942799), (-0.029475542, -0.009903256, 0.16942799), (-0.029475542, -0.009903256, 0), (-0.029219484, -0.010635023, 0.16942799), (-0.029219484, -0.010635023, 0), (-0.028945265, -0.011360179, 0.16942799), (-0.028945265, -0.011360179, 0), (-0.028653052, -0.012078274, 0), (-0.028653052, -0.012078274, 0.16942799), (-0.028343026, -0.01278886, 0), (-0.028343026, -0.01278886, 0.16942799), (-0.02801538, -0.013491496, 0.16942799), (-0.02801538, -0.013491496, 0), (-0.02767032, -0.014185745, 0), (-0.02767032, -0.014185745, 0.16942799), (-0.02730806, -0.014871176, 0.16942799), (-0.02730806, -0.014871176, 0), (-0.026928823, -0.015547363, 0.16942799), (-0.026928823, -0.015547363, 0), (-0.026532846, -0.016213885, 0), (-0.026532846, -0.016213885, 0.16942799), (-0.026120376, -0.016870327, 0), (-0.026120376, -0.016870327, 0.16942799), (-0.025691668, -0.017516283, 0.16942799), (-0.025691668, -0.017516283, 0), (-0.02524699, -0.01815135, 0), (-0.02524699, -0.01815135, 0.16942799), (-0.024786618, -0.018775133, 0.16942799), (-0.024786618, -0.018775133, 0), (-0.024310837, -0.019387245, 0.16942799), (-0.024310837, -0.019387245, 0), (-0.023819942, -0.019987304, 0.16942799), (-0.023819942, -0.019987304, 0), (-0.023314241, -0.02057494, 0.16942799), (-0.023314241, -0.02057494, 0), (-0.022794046, -0.021149786, 0.16942799), (-0.022794046, -0.021149786, 0), (-0.022259684, -0.021711484, 0.16942799), (-0.022259684, -0.021711484, 0), (-0.021711484, -0.022259684, 0), (-0.021711484, -0.022259684, 0.16942799), (-0.021149786, -0.022794046, 0.16942799), (-0.021149786, -0.022794046, 0), (-0.02057494, -0.023314241, 0), (-0.02057494, -0.023314241, 0.16942799), (-0.019987304, -0.023819942, 0.16942799), (-0.019987304, -0.023819942, 0), (-0.019387245, -0.024310837, 0.16942799), (-0.019387245, -0.024310837, 0), (-0.018775133, -0.024786618, 0), (-0.018775133, -0.024786618, 0.16942799), (-0.01815135, -0.02524699, 0.16942799), (-0.01815135, -0.02524699, 0), (-0.017516283, -0.025691668, 0.16942799), (-0.017516283, -0.025691668, 0), (-0.016870327, -0.026120376, 0), (-0.016870327, -0.026120376, 0.16942799), (-0.016213885, -0.026532846, 0.16942799), (-0.016213885, -0.026532846, 0), (-0.015547363, -0.026928823, 0.16942799), (-0.015547363, -0.026928823, 0), (-0.014871176, -0.02730806, 0.16942799), (-0.014871176, -0.02730806, 0), (-0.014185745, -0.02767032, 0.16942799), (-0.014185745, -0.02767032, 0), (-0.013491496, -0.02801538, 0.16942799), (-0.013491496, -0.02801538, 0), (-0.01278886, -0.028343026, 0.16942799), (-0.01278886, -0.028343026, 0), (-0.012078274, -0.028653052, 0.16942799), (-0.012078274, -0.028653052, 0), (-0.011360179, -0.028945265, 0.16942799), (-0.011360179, -0.028945265, 0), (-0.010635023, -0.029219484, 0.16942799), (-0.010635023, -0.029219484, 0), (-0.009903256, -0.029475542, 0.16942799), (-0.009903256, -0.029475542, 0), (-0.009165332, -0.029713275, 0), (-0.009165332, -0.029713275, 0.16942799), (-0.00842171, -0.029932536, 0.16942799), (-0.00842171, -0.029932536, 0), (-0.007672854, -0.030133191, 0.16942799), (-0.007672854, -0.030133191, 0), (-0.0069192275, -0.030315116, 0.16942799), (-0.0069192275, -0.030315116, 0), (-0.0061613, -0.030478194, 0.16942799), (-0.0061613, -0.030478194, 0), (-0.0053995424, -0.030622328, 0.16942799), (-0.0053995424, -0.030622328, 0), (-0.0046344283, -0.030747423, 0.16942799), (-0.0046344283, -0.030747423, 0), (-0.0038664334, -0.030853407, 0), (-0.0038664334, -0.030853407, 0.16942799), (-0.003096035, -0.03094021, 0.16942799), (-0.003096035, -0.03094021, 0), (-0.0023237118, -0.031007778, 0.16942799), (-0.0023237118, -0.031007778, 0), (-0.0015499442, -0.031056073, 0.16942799), (-0.0015499442, -0.031056073, 0), (-0.00077521306, -0.031085063, 0), (-0.00077521306, -0.031085063, 0.16942799), (4.3617064e-16, -0.031094726, 0), (4.3617064e-16, -0.031094726, 0.16942799), (0.00077521306, -0.031085063, 0.16942799), (0.00077521306, -0.031085063, 0), (0.0015499442, -0.031056073, 0.16942799), (0.0015499442, -0.031056073, 0), (0.0023237118, -0.031007778, 0.16942799), (0.0023237118, -0.031007778, 0), (0.003096035, -0.03094021, 0.16942799), (0.003096035, -0.03094021, 0), (0.0038664334, -0.030853407, 0), (0.0038664334, -0.030853407, 0.16942799), (0.0046344283, -0.030747423, 0.16942799), (0.0046344283, -0.030747423, 0), (0.0053995424, -0.030622328, 0), (0.0053995424, -0.030622328, 0.16942799), (0.0061613, -0.030478194, 0), (0.0061613, -0.030478194, 0.16942799), (0.0069192275, -0.030315116, 0.16942799), (0.0069192275, -0.030315116, 0), (0.007672854, -0.030133191, 0.16942799), (0.007672854, -0.030133191, 0), (0.00842171, -0.029932536, 0.16942799), (0.00842171, -0.029932536, 0), (0.009165332, -0.029713275, 0.16942799), (0.009165332, -0.029713275, 0), (0.009903256, -0.029475542, 0), (0.009903256, -0.029475542, 0.16942799), (0.010635023, -0.029219484, 0), (0.010635023, -0.029219484, 0.16942799), (0.011360179, -0.028945265, 0.16942799), (0.011360179, -0.028945265, 0), (0.012078274, -0.028653052, 0.16942799), (0.012078274, -0.028653052, 0), (0.01278886, -0.028343026, 0.16942799), (0.01278886, -0.028343026, 0), (0.013491496, -0.02801538, 0.16942799), (0.013491496, -0.02801538, 0), (0.014185745, -0.02767032, 0.16942799), (0.014185745, -0.02767032, 0), (0.014871176, -0.02730806, 0.16942799), (0.014871176, -0.02730806, 0), (0.015547363, -0.026928823, 0.16942799), (0.015547363, -0.026928823, 0), (0.016213885, -0.026532846, 0.16942799), (0.016213885, -0.026532846, 0), (0.016870327, -0.026120376, 0.16942799), (0.016870327, -0.026120376, 0), (0.017516283, -0.025691668, 0.16942799), (0.017516283, -0.025691668, 0), (0.01815135, -0.02524699, 0), (0.01815135, -0.02524699, 0.16942799), (0.018775133, -0.024786618, 0.16942799), (0.018775133, -0.024786618, 0), (0.019387245, -0.024310837, 0.16942799), (0.019387245, -0.024310837, 0), (0.019987304, -0.023819942, 0), (0.019987304, -0.023819942, 0.16942799), (0.02057494, -0.023314241, 0.16942799), (0.02057494, -0.023314241, 0), (0.021149786, -0.022794046, 0.16942799), (0.021149786, -0.022794046, 0), (0.021711484, -0.022259684, 0.16942799), (0.021711484, -0.022259684, 0), (0.022259684, -0.021711484, 0.16942799), (0.022259684, -0.021711484, 0), (0.022794046, -0.021149786, 0.16942799), (0.022794046, -0.021149786, 0), (0.023314241, -0.02057494, 0), (0.023314241, -0.02057494, 0.16942799), (0.023819942, -0.019987304, 0.16942799), (0.023819942, -0.019987304, 0), (0.024310837, -0.019387245, 0.16942799), (0.024310837, -0.019387245, 0), (0.024786618, -0.018775133, 0), (0.024786618, -0.018775133, 0.16942799), (0.02524699, -0.01815135, 0.16942799), (0.02524699, -0.01815135, 0), (0.025691668, -0.017516283, 0), (0.025691668, -0.017516283, 0.16942799), (0.026120376, -0.016870327, 0.16942799), (0.026120376, -0.016870327, 0), (0.026532846, -0.016213885, 0.16942799), (0.026532846, -0.016213885, 0), (0.026928823, -0.015547363, 0.16942799), (0.026928823, -0.015547363, 0), (0.02730806, -0.014871176, 0.16942799), (0.02730806, -0.014871176, 0), (0.02767032, -0.014185745, 0.16942799), (0.02767032, -0.014185745, 0), (0.02801538, -0.013491496, 0), (0.02801538, -0.013491496, 0.16942799), (0.028343026, -0.01278886, 0.16942799), (0.028343026, -0.01278886, 0), (0.028653052, -0.012078274, 0), (0.028653052, -0.012078274, 0.16942799), (0.028945265, -0.011360179, 0.16942799), (0.028945265, -0.011360179, 0), (0.029219484, -0.010635023, 0.16942799), (0.029219484, -0.010635023, 0), (0.029475542, -0.009903256, 0.16942799), (0.029475542, -0.009903256, 0), (0.029713275, -0.009165332, 0.16942799), (0.029713275, -0.009165332, 0), (0.029932536, -0.00842171, 0.16942799), (0.029932536, -0.00842171, 0), (0.030133191, -0.007672854, 0.16942799), (0.030133191, -0.007672854, 0), (0.030315116, -0.0069192275, 0.16942799), (0.030315116, -0.0069192275, 0), (0.030478194, -0.0061613, 0.16942799), (0.030478194, -0.0061613, 0), (0.030622328, -0.0053995424, 0.16942799), (0.030622328, -0.0053995424, 0), (0.030747423, -0.0046344283, 0.16942799), (0.030747423, -0.0046344283, 0), (0.030853407, -0.0038664334, 0), (0.030853407, -0.0038664334, 0.16942799), (0.03094021, -0.003096035, 0.16942799), (0.03094021, -0.003096035, 0), (0.031007778, -0.0023237118, 0.16942799), (0.031007778, -0.0023237118, 0), (0.031056073, -0.0015499442, 0.16942799), (0.031056073, -0.0015499442, 0), (0.031085063, -0.00077521306, 0), (0.031085063, -0.00077521306, 0.16942799)]
            uniform token purpose = "guide"
            uniform token subdivisionScheme = "none"
            token visibility = "invisible"
        }
    }

    def Scope "materials"
    {
        def Material "green_can"
        {
            token outputs:surface.connect = </canned_beverage/materials/green_can_shader.outputs:surface>
        }

        def Shader "green_can_shader"
        {
            uniform token info:id = "UsdPreviewSurface"
            color3f inputs:diffuseColor = (0.08, 0.7, 0.3)
            float inputs:metallic = 0.1
            float inputs:roughness = 0.42
            token outputs:surface
        }

        def Material "contact" (
            prepend apiSchemas = ["PhysicsMaterialAPI"]
        )
        {
            float physics:dynamicFriction = 0.4
            float physics:restitution = 0.1
            float physics:staticFriction = 0.5
        }
    }

    def BasisCurves "grasp_identifier_01"
    {
        int[] curveVertexCounts = [2]
        float3[] extent = [(-0.031094726, 0, 0.084713995), (0.031094726, 0, 0.084713995)]
        point3f[] points = [(-0.031094726, 0, 0.084713995), (0.031094726, 0, 0.084713995)]
        color3f[] primvars:displayColor = [(1, 0.15, 0.05)]
        uniform token purpose = "guide"
        uniform token type = "linear"
        float[] widths = [0.002] (
            interpolation = "constant"
        )
    }
}

